<?xml version="1.0" encoding="UTF-8" standalone="no" ?>
<gpx xmlns="http://www.topografix.com/GPX/1/1" xmlns:gpxx="http://www.garmin.com/xmlschemas/GpxExtensions/v3" xmlns:gpxtpx="http://www.garmin.com/xmlschemas/TrackPointExtension/v1" creator="mapstogpx.com" version="1.1" xmlns:xsi="http://www.w3.org/2001/XMLSchema-instance" xsi:schemaLocation="http://www.topografix.com/GPX/1/1 http://www.topografix.com/GPX/1/1/gpx.xsd http://www.garmin.com/xmlschemas/GpxExtensions/v3 http://www.garmin.com/xmlschemas/GpxExtensionsv3.xsd http://www.garmin.com/xmlschemas/TrackPointExtension/v1 http://www.garmin.com/xmlschemas/TrackPointExtensionv1.xsd">
  <metadata>
    <link href="https://carlospatinos.github.io/">
      <text>CarlosIT</text>
    </link>
    <!--desc>Powered by Google, ©2026 Google</desc-->
    <!--copyright author="Google Inc">
    	<year>2026</year>
    	<license>https://developers.google.com/maps/terms</license>
    </copyright-->
    <!--url>https://www.google.com/maps/dir/Athlone,+Co.+Westmeath/Moate,+Moategranoge,+Co.+Westmeath/53.4605625,-7.8146279/Coosan+Point,+Creaghduff,+Co.+Westmeath/@53.4264563,-7.9121786,12z/data=!3m1!4b1!4m21!4m20!1m5!1m1!1s0x485c49013e648c9f:0xdaf91a8d46bde380!2m2!1d-7.9402775!2d53.4239226!1m5!1m1!1s0x485db37c5ec8497d:0xa00c7a99731cea0!2m2!1d-7.7186188!2d53.3949987!1m0!1m5!1m1!1s0x485c49deb2e92f03:0x1800c7a937df0be0!2m2!1d-7.9295099!2d53.46318!3e0?entry=tts&g_ep=EgoyMDI2MDkzMC4wKgBIAVAD&skid=0ad551ec-5970-4be3-a6ac-e86459718819&hl=en</url-->
    <time>2026-10-05T19:16:58Z</time>
  </metadata>
  <wpt lat="53.4239226" lon="-7.9402775">
    <name>Athlone</name>
    <desc>Athlone, Co. Westmeath, Ireland</desc>
  </wpt>
  <wpt lat="53.3949987" lon="-7.7186188">
    <name>Moate</name>
    <desc>Moate, Moategranoge, Co. Westmeath, Ireland</desc>
  </wpt>
  <wpt lat="53.4605625" lon="-7.8146279">
    <name>Corr</name>
    <desc>Kingfisher Lodge, Corr, Walderstown, Co. Westmeath, Ireland</desc>
  </wpt>
  <wpt lat="53.46318" lon="-7.9295099">
    <name>Coosan Point</name>
    <desc>Coosan Point, Creaghduff, Co. Westmeath, Ireland</desc>
  </wpt>
<trk>
  <name>Athlone to Coosan Point</name>
  <number>1</number>
  <trkseg>
  <trkpt lat="53.4239193" lon="-7.9403085">
    <name>TP001</name>
  </trkpt>
  <trkpt lat="53.42449" lon="-7.94048">
    <name>TP002</name>
  </trkpt>
  <trkpt lat="53.42456" lon="-7.94051">
    <name>TP003</name>
  </trkpt>
  <trkpt lat="53.42495" lon="-7.94073">
    <name>TP004</name>
  </trkpt>
  <trkpt lat="53.4251" lon="-7.94081">
    <name>TP005</name>
  </trkpt>
  <trkpt lat="53.42533" lon="-7.94091">
    <name>TP006</name>
  </trkpt>
  <trkpt lat="53.42541" lon="-7.94093">
    <name>TP007</name>
  </trkpt>
  <trkpt lat="53.42547" lon="-7.94094">
    <name>TP008</name>
  </trkpt>
  <trkpt lat="53.42549" lon="-7.94093">
    <name>TP009</name>
  </trkpt>
  <trkpt lat="53.42555" lon="-7.94092">
    <name>TP010</name>
  </trkpt>
  <trkpt lat="53.4256" lon="-7.9409">
    <name>TP011</name>
  </trkpt>
  <trkpt lat="53.42569" lon="-7.94087">
    <name>TP012</name>
  </trkpt>
  <trkpt lat="53.42597" lon="-7.94075">
    <name>TP013</name>
  </trkpt>
  <trkpt lat="53.42615" lon="-7.94067">
    <name>TP014</name>
  </trkpt>
  <trkpt lat="53.42622" lon="-7.94064">
    <name>TP015</name>
  </trkpt>
  <trkpt lat="53.42665" lon="-7.94063">
    <name>TP016</name>
  </trkpt>
  <trkpt lat="53.42671" lon="-7.94063">
    <name>TP017</name>
  </trkpt>
  <trkpt lat="53.42678" lon="-7.94066">
    <name>TP018</name>
  </trkpt>
  <trkpt lat="53.4268" lon="-7.94067">
    <name>TP019</name>
  </trkpt>
  <trkpt lat="53.42683" lon="-7.94066">
    <name>TP020</name>
  </trkpt>
  <trkpt lat="53.42685" lon="-7.94066">
    <name>TP021</name>
  </trkpt>
  <trkpt lat="53.42689" lon="-7.94063">
    <name>TP022</name>
  </trkpt>
  <trkpt lat="53.42689" lon="-7.94064">
    <name>TP023</name>
  </trkpt>
  <trkpt lat="53.4269" lon="-7.94064">
    <name>TP024</name>
  </trkpt>
  <trkpt lat="53.4269" lon="-7.94065">
    <name>TP025</name>
  </trkpt>
  <trkpt lat="53.42691" lon="-7.94065">
    <name>TP026</name>
  </trkpt>
  <trkpt lat="53.42692" lon="-7.94065">
    <name>TP027</name>
  </trkpt>
  <trkpt lat="53.42693" lon="-7.94065">
    <name>TP028</name>
  </trkpt>
  <trkpt lat="53.42694" lon="-7.94065">
    <name>TP029</name>
  </trkpt>
  <trkpt lat="53.42694" lon="-7.94064">
    <name>TP030</name>
  </trkpt>
  <trkpt lat="53.42695" lon="-7.94064">
    <name>TP031</name>
  </trkpt>
  <trkpt lat="53.42695" lon="-7.94063">
    <name>TP032</name>
  </trkpt>
  <trkpt lat="53.42697" lon="-7.94064">
    <name>TP033</name>
  </trkpt>
  <trkpt lat="53.42698" lon="-7.94064">
    <name>TP034</name>
  </trkpt>
  <trkpt lat="53.42699" lon="-7.94064">
    <name>TP035</name>
  </trkpt>
  <trkpt lat="53.42711" lon="-7.9406">
    <name>TP036</name>
  </trkpt>
  <trkpt lat="53.42714" lon="-7.94059">
    <name>TP037</name>
  </trkpt>
  <trkpt lat="53.42715" lon="-7.94058">
    <name>TP038</name>
  </trkpt>
  <trkpt lat="53.42716" lon="-7.94058">
    <name>TP039</name>
  </trkpt>
  <trkpt lat="53.42716" lon="-7.94057">
    <name>TP040</name>
  </trkpt>
  <trkpt lat="53.42719" lon="-7.94051">
    <name>TP041</name>
  </trkpt>
  <trkpt lat="53.42725" lon="-7.94046">
    <name>TP042</name>
  </trkpt>
  <trkpt lat="53.42729" lon="-7.94042">
    <name>TP043</name>
  </trkpt>
  <trkpt lat="53.42734" lon="-7.94036">
    <name>TP044</name>
  </trkpt>
  <trkpt lat="53.42767" lon="-7.93997">
    <name>TP045</name>
  </trkpt>
  <trkpt lat="53.42788" lon="-7.93972">
    <name>TP046</name>
  </trkpt>
  <trkpt lat="53.428" lon="-7.93959">
    <name>TP047</name>
  </trkpt>
  <trkpt lat="53.4280005" lon="-7.9395859">
    <name>TP048</name>
  </trkpt>
  <trkpt lat="53.42808" lon="-7.93951">
    <name>TP049</name>
  </trkpt>
  <trkpt lat="53.42816" lon="-7.9395">
    <name>TP050</name>
  </trkpt>
  <trkpt lat="53.42837" lon="-7.93948">
    <name>TP051</name>
  </trkpt>
  <trkpt lat="53.42857" lon="-7.93946">
    <name>TP052</name>
  </trkpt>
  <trkpt lat="53.42866" lon="-7.93944">
    <name>TP053</name>
  </trkpt>
  <trkpt lat="53.4288" lon="-7.93941">
    <name>TP054</name>
  </trkpt>
  <trkpt lat="53.42886" lon="-7.93939">
    <name>TP055</name>
  </trkpt>
  <trkpt lat="53.42892" lon="-7.93938">
    <name>TP056</name>
  </trkpt>
  <trkpt lat="53.42905" lon="-7.93931">
    <name>TP057</name>
  </trkpt>
  <trkpt lat="53.42913" lon="-7.93926">
    <name>TP058</name>
  </trkpt>
  <trkpt lat="53.42916" lon="-7.93924">
    <name>TP059</name>
  </trkpt>
  <trkpt lat="53.42924" lon="-7.93921">
    <name>TP060</name>
  </trkpt>
  <trkpt lat="53.42927" lon="-7.9392">
    <name>TP061</name>
  </trkpt>
  <trkpt lat="53.42937" lon="-7.93917">
    <name>TP062</name>
  </trkpt>
  <trkpt lat="53.42947" lon="-7.93912">
    <name>TP063</name>
  </trkpt>
  <trkpt lat="53.42951" lon="-7.93911">
    <name>TP064</name>
  </trkpt>
  <trkpt lat="53.42966" lon="-7.93907">
    <name>TP065</name>
  </trkpt>
  <trkpt lat="53.42993" lon="-7.93902">
    <name>TP066</name>
  </trkpt>
  <trkpt lat="53.42994" lon="-7.93902">
    <name>TP067</name>
  </trkpt>
  <trkpt lat="53.43005" lon="-7.93899">
    <name>TP068</name>
  </trkpt>
  <trkpt lat="53.4301" lon="-7.93895">
    <name>TP069</name>
  </trkpt>
  <trkpt lat="53.43012" lon="-7.93895">
    <name>TP070</name>
  </trkpt>
  <trkpt lat="53.43019" lon="-7.9389">
    <name>TP071</name>
  </trkpt>
  <trkpt lat="53.43031" lon="-7.93881">
    <name>TP072</name>
  </trkpt>
  <trkpt lat="53.43036" lon="-7.93876">
    <name>TP073</name>
  </trkpt>
  <trkpt lat="53.43055" lon="-7.93856">
    <name>TP074</name>
  </trkpt>
  <trkpt lat="53.4307" lon="-7.93838">
    <name>TP075</name>
  </trkpt>
  <trkpt lat="53.4309" lon="-7.93812">
    <name>TP076</name>
  </trkpt>
  <trkpt lat="53.43099" lon="-7.93798">
    <name>TP077</name>
  </trkpt>
  <trkpt lat="53.4311" lon="-7.93784">
    <name>TP078</name>
  </trkpt>
  <trkpt lat="53.4313" lon="-7.93746">
    <name>TP079</name>
  </trkpt>
  <trkpt lat="53.4314" lon="-7.9373">
    <name>TP080</name>
  </trkpt>
  <trkpt lat="53.43156" lon="-7.93707">
    <name>TP081</name>
  </trkpt>
  <trkpt lat="53.43168" lon="-7.93695">
    <name>TP082</name>
  </trkpt>
  <trkpt lat="53.43172" lon="-7.93691">
    <name>TP083</name>
  </trkpt>
  <trkpt lat="53.43176" lon="-7.93687">
    <name>TP084</name>
  </trkpt>
  <trkpt lat="53.43183" lon="-7.93681">
    <name>TP085</name>
  </trkpt>
  <trkpt lat="53.43186" lon="-7.93678">
    <name>TP086</name>
  </trkpt>
  <trkpt lat="53.43197" lon="-7.93671">
    <name>TP087</name>
  </trkpt>
  <trkpt lat="53.43198" lon="-7.9367">
    <name>TP088</name>
  </trkpt>
  <trkpt lat="53.4319754" lon="-7.9366994">
    <name>TP089</name>
  </trkpt>
  <trkpt lat="53.43198" lon="-7.93671">
    <name>TP090</name>
  </trkpt>
  <trkpt lat="53.43198" lon="-7.93672">
    <name>TP091</name>
  </trkpt>
  <trkpt lat="53.43199" lon="-7.93672">
    <name>TP092</name>
  </trkpt>
  <trkpt lat="53.43199" lon="-7.93673">
    <name>TP093</name>
  </trkpt>
  <trkpt lat="53.43199" lon="-7.93674">
    <name>TP094</name>
  </trkpt>
  <trkpt lat="53.432" lon="-7.93674">
    <name>TP095</name>
  </trkpt>
  <trkpt lat="53.43201" lon="-7.93675">
    <name>TP096</name>
  </trkpt>
  <trkpt lat="53.43201" lon="-7.93676">
    <name>TP097</name>
  </trkpt>
  <trkpt lat="53.43202" lon="-7.93676">
    <name>TP098</name>
  </trkpt>
  <trkpt lat="53.43203" lon="-7.93677">
    <name>TP099</name>
  </trkpt>
  <trkpt lat="53.43204" lon="-7.93677">
    <name>TP100</name>
  </trkpt>
  <trkpt lat="53.43205" lon="-7.93677">
    <name>TP101</name>
  </trkpt>
  <trkpt lat="53.43206" lon="-7.93677">
    <name>TP102</name>
  </trkpt>
  <trkpt lat="53.43207" lon="-7.93677">
    <name>TP103</name>
  </trkpt>
  <trkpt lat="53.43208" lon="-7.93677">
    <name>TP104</name>
  </trkpt>
  <trkpt lat="53.43209" lon="-7.93677">
    <name>TP105</name>
  </trkpt>
  <trkpt lat="53.43229" lon="-7.93801">
    <name>TP106</name>
  </trkpt>
  <trkpt lat="53.43243" lon="-7.93881">
    <name>TP107</name>
  </trkpt>
  <trkpt lat="53.43244" lon="-7.9389">
    <name>TP108</name>
  </trkpt>
  <trkpt lat="53.43257" lon="-7.93972">
    <name>TP109</name>
  </trkpt>
  <trkpt lat="53.43256" lon="-7.94002">
    <name>TP110</name>
  </trkpt>
  <trkpt lat="53.43256" lon="-7.94018">
    <name>TP111</name>
  </trkpt>
  <trkpt lat="53.43257" lon="-7.94022">
    <name>TP112</name>
  </trkpt>
  <trkpt lat="53.43259" lon="-7.94026">
    <name>TP113</name>
  </trkpt>
  <trkpt lat="53.4325865" lon="-7.9402602">
    <name>TP114</name>
  </trkpt>
  <trkpt lat="53.43258" lon="-7.94027">
    <name>TP115</name>
  </trkpt>
  <trkpt lat="53.43258" lon="-7.94028">
    <name>TP116</name>
  </trkpt>
  <trkpt lat="53.43258" lon="-7.94029">
    <name>TP117</name>
  </trkpt>
  <trkpt lat="53.43257" lon="-7.9403">
    <name>TP118</name>
  </trkpt>
  <trkpt lat="53.43257" lon="-7.94031">
    <name>TP119</name>
  </trkpt>
  <trkpt lat="53.43257" lon="-7.94032">
    <name>TP120</name>
  </trkpt>
  <trkpt lat="53.43257" lon="-7.94033">
    <name>TP121</name>
  </trkpt>
  <trkpt lat="53.43257" lon="-7.94034">
    <name>TP122</name>
  </trkpt>
  <trkpt lat="53.43257" lon="-7.94035">
    <name>TP123</name>
  </trkpt>
  <trkpt lat="53.43257" lon="-7.94036">
    <name>TP124</name>
  </trkpt>
  <trkpt lat="53.43257" lon="-7.94037">
    <name>TP125</name>
  </trkpt>
  <trkpt lat="53.43257" lon="-7.94038">
    <name>TP126</name>
  </trkpt>
  <trkpt lat="53.43257" lon="-7.94039">
    <name>TP127</name>
  </trkpt>
  <trkpt lat="53.43257" lon="-7.9404">
    <name>TP128</name>
  </trkpt>
  <trkpt lat="53.43257" lon="-7.94041">
    <name>TP129</name>
  </trkpt>
  <trkpt lat="53.43258" lon="-7.94041">
    <name>TP130</name>
  </trkpt>
  <trkpt lat="53.43258" lon="-7.94042">
    <name>TP131</name>
  </trkpt>
  <trkpt lat="53.43258" lon="-7.94043">
    <name>TP132</name>
  </trkpt>
  <trkpt lat="53.43258" lon="-7.94044">
    <name>TP133</name>
  </trkpt>
  <trkpt lat="53.43259" lon="-7.94044">
    <name>TP134</name>
  </trkpt>
  <trkpt lat="53.43259" lon="-7.94045">
    <name>TP135</name>
  </trkpt>
  <trkpt lat="53.43259" lon="-7.94046">
    <name>TP136</name>
  </trkpt>
  <trkpt lat="53.4326" lon="-7.94046">
    <name>TP137</name>
  </trkpt>
  <trkpt lat="53.4326" lon="-7.94047">
    <name>TP138</name>
  </trkpt>
  <trkpt lat="53.43261" lon="-7.94048">
    <name>TP139</name>
  </trkpt>
  <trkpt lat="53.43262" lon="-7.94049">
    <name>TP140</name>
  </trkpt>
  <trkpt lat="53.43263" lon="-7.94049">
    <name>TP141</name>
  </trkpt>
  <trkpt lat="53.43263" lon="-7.9405">
    <name>TP142</name>
  </trkpt>
  <trkpt lat="53.43264" lon="-7.9405">
    <name>TP143</name>
  </trkpt>
  <trkpt lat="53.43265" lon="-7.9405">
    <name>TP144</name>
  </trkpt>
  <trkpt lat="53.43266" lon="-7.9405">
    <name>TP145</name>
  </trkpt>
  <trkpt lat="53.43267" lon="-7.9405">
    <name>TP146</name>
  </trkpt>
  <trkpt lat="53.43268" lon="-7.9405">
    <name>TP147</name>
  </trkpt>
  <trkpt lat="53.43269" lon="-7.9405">
    <name>TP148</name>
  </trkpt>
  <trkpt lat="53.43269" lon="-7.94049">
    <name>TP149</name>
  </trkpt>
  <trkpt lat="53.4327" lon="-7.94049">
    <name>TP150</name>
  </trkpt>
  <trkpt lat="53.4327" lon="-7.94048">
    <name>TP151</name>
  </trkpt>
  <trkpt lat="53.43271" lon="-7.94048">
    <name>TP152</name>
  </trkpt>
  <trkpt lat="53.43271" lon="-7.94047">
    <name>TP153</name>
  </trkpt>
  <trkpt lat="53.43272" lon="-7.94047">
    <name>TP154</name>
  </trkpt>
  <trkpt lat="53.43272" lon="-7.94046">
    <name>TP155</name>
  </trkpt>
  <trkpt lat="53.43272" lon="-7.94045">
    <name>TP156</name>
  </trkpt>
  <trkpt lat="53.43273" lon="-7.94045">
    <name>TP157</name>
  </trkpt>
  <trkpt lat="53.43273" lon="-7.94044">
    <name>TP158</name>
  </trkpt>
  <trkpt lat="53.43274" lon="-7.94043">
    <name>TP159</name>
  </trkpt>
  <trkpt lat="53.43274" lon="-7.94042">
    <name>TP160</name>
  </trkpt>
  <trkpt lat="53.43274" lon="-7.94041">
    <name>TP161</name>
  </trkpt>
  <trkpt lat="53.43274" lon="-7.9404">
    <name>TP162</name>
  </trkpt>
  <trkpt lat="53.43275" lon="-7.94039">
    <name>TP163</name>
  </trkpt>
  <trkpt lat="53.43275" lon="-7.94038">
    <name>TP164</name>
  </trkpt>
  <trkpt lat="53.43275" lon="-7.94037">
    <name>TP165</name>
  </trkpt>
  <trkpt lat="53.43285" lon="-7.94033">
    <name>TP166</name>
  </trkpt>
  <trkpt lat="53.43295" lon="-7.94028">
    <name>TP167</name>
  </trkpt>
  <trkpt lat="53.43306" lon="-7.94018">
    <name>TP168</name>
  </trkpt>
  <trkpt lat="53.43346" lon="-7.94001">
    <name>TP169</name>
  </trkpt>
  <trkpt lat="53.43436" lon="-7.93974">
    <name>TP170</name>
  </trkpt>
  <trkpt lat="53.43446" lon="-7.93971">
    <name>TP171</name>
  </trkpt>
  <trkpt lat="53.43461" lon="-7.93967">
    <name>TP172</name>
  </trkpt>
  <trkpt lat="53.43499" lon="-7.93961">
    <name>TP173</name>
  </trkpt>
  <trkpt lat="53.43512" lon="-7.9396">
    <name>TP174</name>
  </trkpt>
  <trkpt lat="53.4351213" lon="-7.9395974">
    <name>TP175</name>
  </trkpt>
  <trkpt lat="53.43505" lon="-7.93907">
    <name>TP176</name>
  </trkpt>
  <trkpt lat="53.43501" lon="-7.93871">
    <name>TP177</name>
  </trkpt>
  <trkpt lat="53.43499" lon="-7.93855">
    <name>TP178</name>
  </trkpt>
  <trkpt lat="53.43493" lon="-7.93814">
    <name>TP179</name>
  </trkpt>
  <trkpt lat="53.4349" lon="-7.93792">
    <name>TP180</name>
  </trkpt>
  <trkpt lat="53.43487" lon="-7.93776">
    <name>TP181</name>
  </trkpt>
  <trkpt lat="53.43478" lon="-7.93728">
    <name>TP182</name>
  </trkpt>
  <trkpt lat="53.43471" lon="-7.93697">
    <name>TP183</name>
  </trkpt>
  <trkpt lat="53.43468" lon="-7.9368">
    <name>TP184</name>
  </trkpt>
  <trkpt lat="53.43465" lon="-7.93669">
    <name>TP185</name>
  </trkpt>
  <trkpt lat="53.43449" lon="-7.93602">
    <name>TP186</name>
  </trkpt>
  <trkpt lat="53.43432" lon="-7.93535">
    <name>TP187</name>
  </trkpt>
  <trkpt lat="53.43426" lon="-7.93511">
    <name>TP188</name>
  </trkpt>
  <trkpt lat="53.43421" lon="-7.93491">
    <name>TP189</name>
  </trkpt>
  <trkpt lat="53.43419" lon="-7.93484">
    <name>TP190</name>
  </trkpt>
  <trkpt lat="53.43416" lon="-7.9347">
    <name>TP191</name>
  </trkpt>
  <trkpt lat="53.434" lon="-7.93407">
    <name>TP192</name>
  </trkpt>
  <trkpt lat="53.43397" lon="-7.93396">
    <name>TP193</name>
  </trkpt>
  <trkpt lat="53.43397" lon="-7.93395">
    <name>TP194</name>
  </trkpt>
  <trkpt lat="53.43396" lon="-7.93394">
    <name>TP195</name>
  </trkpt>
  <trkpt lat="53.43389" lon="-7.93386">
    <name>TP196</name>
  </trkpt>
  <trkpt lat="53.4334" lon="-7.93185">
    <name>TP197</name>
  </trkpt>
  <trkpt lat="53.43302" lon="-7.93029">
    <name>TP198</name>
  </trkpt>
  <trkpt lat="53.43298" lon="-7.93015">
    <name>TP199</name>
  </trkpt>
  <trkpt lat="53.43296" lon="-7.93007">
    <name>TP200</name>
  </trkpt>
  <trkpt lat="53.43277" lon="-7.9293">
    <name>TP201</name>
  </trkpt>
  <trkpt lat="53.43262" lon="-7.92867">
    <name>TP202</name>
  </trkpt>
  <trkpt lat="53.43244" lon="-7.92795">
    <name>TP203</name>
  </trkpt>
  <trkpt lat="53.43231" lon="-7.92746">
    <name>TP204</name>
  </trkpt>
  <trkpt lat="53.43221" lon="-7.9271">
    <name>TP205</name>
  </trkpt>
  <trkpt lat="53.43207" lon="-7.92663">
    <name>TP206</name>
  </trkpt>
  <trkpt lat="53.43196" lon="-7.92632">
    <name>TP207</name>
  </trkpt>
  <trkpt lat="53.43185" lon="-7.926">
    <name>TP208</name>
  </trkpt>
  <trkpt lat="53.43168" lon="-7.92557">
    <name>TP209</name>
  </trkpt>
  <trkpt lat="53.43156" lon="-7.92525">
    <name>TP210</name>
  </trkpt>
  <trkpt lat="53.43142" lon="-7.9249">
    <name>TP211</name>
  </trkpt>
  <trkpt lat="53.4312" lon="-7.92436">
    <name>TP212</name>
  </trkpt>
  <trkpt lat="53.43105" lon="-7.92399">
    <name>TP213</name>
  </trkpt>
  <trkpt lat="53.43083" lon="-7.92346">
    <name>TP214</name>
  </trkpt>
  <trkpt lat="53.43072" lon="-7.92318">
    <name>TP215</name>
  </trkpt>
  <trkpt lat="53.4306" lon="-7.92286">
    <name>TP216</name>
  </trkpt>
  <trkpt lat="53.43053" lon="-7.92268">
    <name>TP217</name>
  </trkpt>
  <trkpt lat="53.43045" lon="-7.92245">
    <name>TP218</name>
  </trkpt>
  <trkpt lat="53.43031" lon="-7.9221">
    <name>TP219</name>
  </trkpt>
  <trkpt lat="53.43025" lon="-7.92192">
    <name>TP220</name>
  </trkpt>
  <trkpt lat="53.4301" lon="-7.92147">
    <name>TP221</name>
  </trkpt>
  <trkpt lat="53.42993" lon="-7.92097">
    <name>TP222</name>
  </trkpt>
  <trkpt lat="53.42968" lon="-7.92013">
    <name>TP223</name>
  </trkpt>
  <trkpt lat="53.42967" lon="-7.92009">
    <name>TP224</name>
  </trkpt>
  <trkpt lat="53.42964" lon="-7.92">
    <name>TP225</name>
  </trkpt>
  <trkpt lat="53.42953" lon="-7.91961">
    <name>TP226</name>
  </trkpt>
  <trkpt lat="53.42941" lon="-7.91917">
    <name>TP227</name>
  </trkpt>
  <trkpt lat="53.4294" lon="-7.91913">
    <name>TP228</name>
  </trkpt>
  <trkpt lat="53.42927" lon="-7.91861">
    <name>TP229</name>
  </trkpt>
  <trkpt lat="53.4292" lon="-7.91831">
    <name>TP230</name>
  </trkpt>
  <trkpt lat="53.42907" lon="-7.91777">
    <name>TP231</name>
  </trkpt>
  <trkpt lat="53.42886" lon="-7.91687">
    <name>TP232</name>
  </trkpt>
  <trkpt lat="53.42855" lon="-7.91563">
    <name>TP233</name>
  </trkpt>
  <trkpt lat="53.42834" lon="-7.91472">
    <name>TP234</name>
  </trkpt>
  <trkpt lat="53.42809" lon="-7.91372">
    <name>TP235</name>
  </trkpt>
  <trkpt lat="53.42786" lon="-7.91272">
    <name>TP236</name>
  </trkpt>
  <trkpt lat="53.42778" lon="-7.91241">
    <name>TP237</name>
  </trkpt>
  <trkpt lat="53.4276" lon="-7.91167">
    <name>TP238</name>
  </trkpt>
  <trkpt lat="53.42744" lon="-7.91099">
    <name>TP239</name>
  </trkpt>
  <trkpt lat="53.42724" lon="-7.91016">
    <name>TP240</name>
  </trkpt>
  <trkpt lat="53.42698" lon="-7.909">
    <name>TP241</name>
  </trkpt>
  <trkpt lat="53.42681" lon="-7.90822">
    <name>TP242</name>
  </trkpt>
  <trkpt lat="53.42676" lon="-7.90797">
    <name>TP243</name>
  </trkpt>
  <trkpt lat="53.42664" lon="-7.9073">
    <name>TP244</name>
  </trkpt>
  <trkpt lat="53.42663" lon="-7.90722">
    <name>TP245</name>
  </trkpt>
  <trkpt lat="53.42655" lon="-7.90667">
    <name>TP246</name>
  </trkpt>
  <trkpt lat="53.42651" lon="-7.90633">
    <name>TP247</name>
  </trkpt>
  <trkpt lat="53.42651" lon="-7.90631">
    <name>TP248</name>
  </trkpt>
  <trkpt lat="53.42649" lon="-7.90615">
    <name>TP249</name>
  </trkpt>
  <trkpt lat="53.42647" lon="-7.90604">
    <name>TP250</name>
  </trkpt>
  <trkpt lat="53.42647" lon="-7.90602">
    <name>TP251</name>
  </trkpt>
  <trkpt lat="53.42644" lon="-7.90568">
    <name>TP252</name>
  </trkpt>
  <trkpt lat="53.4264" lon="-7.90514">
    <name>TP253</name>
  </trkpt>
  <trkpt lat="53.42636" lon="-7.90451">
    <name>TP254</name>
  </trkpt>
  <trkpt lat="53.42631" lon="-7.90305">
    <name>TP255</name>
  </trkpt>
  <trkpt lat="53.42631" lon="-7.903">
    <name>TP256</name>
  </trkpt>
  <trkpt lat="53.42631" lon="-7.9029">
    <name>TP257</name>
  </trkpt>
  <trkpt lat="53.42631" lon="-7.90281">
    <name>TP258</name>
  </trkpt>
  <trkpt lat="53.4263" lon="-7.90267">
    <name>TP259</name>
  </trkpt>
  <trkpt lat="53.4263" lon="-7.90253">
    <name>TP260</name>
  </trkpt>
  <trkpt lat="53.42629" lon="-7.90236">
    <name>TP261</name>
  </trkpt>
  <trkpt lat="53.42628" lon="-7.90227">
    <name>TP262</name>
  </trkpt>
  <trkpt lat="53.42628" lon="-7.90211">
    <name>TP263</name>
  </trkpt>
  <trkpt lat="53.42627" lon="-7.90193">
    <name>TP264</name>
  </trkpt>
  <trkpt lat="53.42627" lon="-7.90189">
    <name>TP265</name>
  </trkpt>
  <trkpt lat="53.42625" lon="-7.90132">
    <name>TP266</name>
  </trkpt>
  <trkpt lat="53.42625" lon="-7.90118">
    <name>TP267</name>
  </trkpt>
  <trkpt lat="53.42624" lon="-7.90101">
    <name>TP268</name>
  </trkpt>
  <trkpt lat="53.42624" lon="-7.90086">
    <name>TP269</name>
  </trkpt>
  <trkpt lat="53.42623" lon="-7.90077">
    <name>TP270</name>
  </trkpt>
  <trkpt lat="53.42622" lon="-7.90048">
    <name>TP271</name>
  </trkpt>
  <trkpt lat="53.42622" lon="-7.90019">
    <name>TP272</name>
  </trkpt>
  <trkpt lat="53.4262" lon="-7.89992">
    <name>TP273</name>
  </trkpt>
  <trkpt lat="53.4262" lon="-7.89978">
    <name>TP274</name>
  </trkpt>
  <trkpt lat="53.4262" lon="-7.89976">
    <name>TP275</name>
  </trkpt>
  <trkpt lat="53.42616" lon="-7.8992">
    <name>TP276</name>
  </trkpt>
  <trkpt lat="53.42612" lon="-7.89886">
    <name>TP277</name>
  </trkpt>
  <trkpt lat="53.42609" lon="-7.89865">
    <name>TP278</name>
  </trkpt>
  <trkpt lat="53.42605" lon="-7.89833">
    <name>TP279</name>
  </trkpt>
  <trkpt lat="53.42596" lon="-7.89778">
    <name>TP280</name>
  </trkpt>
  <trkpt lat="53.42591" lon="-7.89756">
    <name>TP281</name>
  </trkpt>
  <trkpt lat="53.4259" lon="-7.89748">
    <name>TP282</name>
  </trkpt>
  <trkpt lat="53.42585" lon="-7.89726">
    <name>TP283</name>
  </trkpt>
  <trkpt lat="53.42577" lon="-7.89695">
    <name>TP284</name>
  </trkpt>
  <trkpt lat="53.42563" lon="-7.89645">
    <name>TP285</name>
  </trkpt>
  <trkpt lat="53.42556" lon="-7.89619">
    <name>TP286</name>
  </trkpt>
  <trkpt lat="53.42544" lon="-7.89584">
    <name>TP287</name>
  </trkpt>
  <trkpt lat="53.42533" lon="-7.89554">
    <name>TP288</name>
  </trkpt>
  <trkpt lat="53.42521" lon="-7.89526">
    <name>TP289</name>
  </trkpt>
  <trkpt lat="53.42511" lon="-7.89505">
    <name>TP290</name>
  </trkpt>
  <trkpt lat="53.42496" lon="-7.89472">
    <name>TP291</name>
  </trkpt>
  <trkpt lat="53.42482" lon="-7.89444">
    <name>TP292</name>
  </trkpt>
  <trkpt lat="53.4247" lon="-7.89423">
    <name>TP293</name>
  </trkpt>
  <trkpt lat="53.42458" lon="-7.89402">
    <name>TP294</name>
  </trkpt>
  <trkpt lat="53.4245" lon="-7.89389">
    <name>TP295</name>
  </trkpt>
  <trkpt lat="53.42442" lon="-7.89377">
    <name>TP296</name>
  </trkpt>
  <trkpt lat="53.42434" lon="-7.89365">
    <name>TP297</name>
  </trkpt>
  <trkpt lat="53.42426" lon="-7.89353">
    <name>TP298</name>
  </trkpt>
  <trkpt lat="53.42418" lon="-7.89342">
    <name>TP299</name>
  </trkpt>
  <trkpt lat="53.42415" lon="-7.89339">
    <name>TP300</name>
  </trkpt>
  <trkpt lat="53.42402" lon="-7.89322">
    <name>TP301</name>
  </trkpt>
  <trkpt lat="53.42397" lon="-7.89317">
    <name>TP302</name>
  </trkpt>
  <trkpt lat="53.42373" lon="-7.89288">
    <name>TP303</name>
  </trkpt>
  <trkpt lat="53.42364" lon="-7.89279">
    <name>TP304</name>
  </trkpt>
  <trkpt lat="53.42355" lon="-7.89269">
    <name>TP305</name>
  </trkpt>
  <trkpt lat="53.42346" lon="-7.89261">
    <name>TP306</name>
  </trkpt>
  <trkpt lat="53.42335" lon="-7.89251">
    <name>TP307</name>
  </trkpt>
  <trkpt lat="53.42326" lon="-7.89243">
    <name>TP308</name>
  </trkpt>
  <trkpt lat="53.42318" lon="-7.89236">
    <name>TP309</name>
  </trkpt>
  <trkpt lat="53.42316" lon="-7.89235">
    <name>TP310</name>
  </trkpt>
  <trkpt lat="53.42312" lon="-7.89232">
    <name>TP311</name>
  </trkpt>
  <trkpt lat="53.42307" lon="-7.89227">
    <name>TP312</name>
  </trkpt>
  <trkpt lat="53.42296" lon="-7.89219">
    <name>TP313</name>
  </trkpt>
  <trkpt lat="53.42277" lon="-7.89205">
    <name>TP314</name>
  </trkpt>
  <trkpt lat="53.42269" lon="-7.89199">
    <name>TP315</name>
  </trkpt>
  <trkpt lat="53.42266" lon="-7.89197">
    <name>TP316</name>
  </trkpt>
  <trkpt lat="53.42257" lon="-7.89192">
    <name>TP317</name>
  </trkpt>
  <trkpt lat="53.42247" lon="-7.89186">
    <name>TP318</name>
  </trkpt>
  <trkpt lat="53.42226" lon="-7.89175">
    <name>TP319</name>
  </trkpt>
  <trkpt lat="53.42197" lon="-7.89162">
    <name>TP320</name>
  </trkpt>
  <trkpt lat="53.42186" lon="-7.89158">
    <name>TP321</name>
  </trkpt>
  <trkpt lat="53.42185" lon="-7.89158">
    <name>TP322</name>
  </trkpt>
  <trkpt lat="53.42157" lon="-7.89149">
    <name>TP323</name>
  </trkpt>
  <trkpt lat="53.42102" lon="-7.89137">
    <name>TP324</name>
  </trkpt>
  <trkpt lat="53.42091" lon="-7.89135">
    <name>TP325</name>
  </trkpt>
  <trkpt lat="53.42069" lon="-7.89131">
    <name>TP326</name>
  </trkpt>
  <trkpt lat="53.41967" lon="-7.89106">
    <name>TP327</name>
  </trkpt>
  <trkpt lat="53.41943" lon="-7.89098">
    <name>TP328</name>
  </trkpt>
  <trkpt lat="53.41914" lon="-7.89088">
    <name>TP329</name>
  </trkpt>
  <trkpt lat="53.41883" lon="-7.89078">
    <name>TP330</name>
  </trkpt>
  <trkpt lat="53.41821" lon="-7.89053">
    <name>TP331</name>
  </trkpt>
  <trkpt lat="53.41817" lon="-7.89052">
    <name>TP332</name>
  </trkpt>
  <trkpt lat="53.41815" lon="-7.89051">
    <name>TP333</name>
  </trkpt>
  <trkpt lat="53.41745" lon="-7.89017">
    <name>TP334</name>
  </trkpt>
  <trkpt lat="53.41703" lon="-7.88994">
    <name>TP335</name>
  </trkpt>
  <trkpt lat="53.41677" lon="-7.88979">
    <name>TP336</name>
  </trkpt>
  <trkpt lat="53.41634" lon="-7.88951">
    <name>TP337</name>
  </trkpt>
  <trkpt lat="53.416" lon="-7.88927">
    <name>TP338</name>
  </trkpt>
  <trkpt lat="53.41596" lon="-7.88924">
    <name>TP339</name>
  </trkpt>
  <trkpt lat="53.41592" lon="-7.88921">
    <name>TP340</name>
  </trkpt>
  <trkpt lat="53.4154" lon="-7.88885">
    <name>TP341</name>
  </trkpt>
  <trkpt lat="53.41529" lon="-7.88875">
    <name>TP342</name>
  </trkpt>
  <trkpt lat="53.41528" lon="-7.88875">
    <name>TP343</name>
  </trkpt>
  <trkpt lat="53.41506" lon="-7.88859">
    <name>TP344</name>
  </trkpt>
  <trkpt lat="53.41423" lon="-7.88788">
    <name>TP345</name>
  </trkpt>
  <trkpt lat="53.4119" lon="-7.88577">
    <name>TP346</name>
  </trkpt>
  <trkpt lat="53.4119037" lon="-7.8857672">
    <name>TP347</name>
  </trkpt>
  <trkpt lat="53.41178" lon="-7.88565">
    <name>TP348</name>
  </trkpt>
  <trkpt lat="53.4117" lon="-7.88558">
    <name>TP349</name>
  </trkpt>
  <trkpt lat="53.41166" lon="-7.88554">
    <name>TP350</name>
  </trkpt>
  <trkpt lat="53.41136" lon="-7.88527">
    <name>TP351</name>
  </trkpt>
  <trkpt lat="53.41108" lon="-7.885">
    <name>TP352</name>
  </trkpt>
  <trkpt lat="53.40976" lon="-7.88379">
    <name>TP353</name>
  </trkpt>
  <trkpt lat="53.40947" lon="-7.88352">
    <name>TP354</name>
  </trkpt>
  <trkpt lat="53.40878" lon="-7.88287">
    <name>TP355</name>
  </trkpt>
  <trkpt lat="53.40829" lon="-7.88242">
    <name>TP356</name>
  </trkpt>
  <trkpt lat="53.40786" lon="-7.8819">
    <name>TP357</name>
  </trkpt>
  <trkpt lat="53.40763" lon="-7.88164">
    <name>TP358</name>
  </trkpt>
  <trkpt lat="53.40687" lon="-7.88061">
    <name>TP359</name>
  </trkpt>
  <trkpt lat="53.4068" lon="-7.88049">
    <name>TP360</name>
  </trkpt>
  <trkpt lat="53.40662" lon="-7.88023">
    <name>TP361</name>
  </trkpt>
  <trkpt lat="53.40616" lon="-7.87948">
    <name>TP362</name>
  </trkpt>
  <trkpt lat="53.40566" lon="-7.87859">
    <name>TP363</name>
  </trkpt>
  <trkpt lat="53.40551" lon="-7.87832">
    <name>TP364</name>
  </trkpt>
  <trkpt lat="53.40532" lon="-7.87794">
    <name>TP365</name>
  </trkpt>
  <trkpt lat="53.40512" lon="-7.87755">
    <name>TP366</name>
  </trkpt>
  <trkpt lat="53.40507" lon="-7.87745">
    <name>TP367</name>
  </trkpt>
  <trkpt lat="53.40479" lon="-7.87684">
    <name>TP368</name>
  </trkpt>
  <trkpt lat="53.40451" lon="-7.87616">
    <name>TP369</name>
  </trkpt>
  <trkpt lat="53.4042" lon="-7.87538">
    <name>TP370</name>
  </trkpt>
  <trkpt lat="53.40396" lon="-7.87471">
    <name>TP371</name>
  </trkpt>
  <trkpt lat="53.40384" lon="-7.8743">
    <name>TP372</name>
  </trkpt>
  <trkpt lat="53.4038" lon="-7.87419">
    <name>TP373</name>
  </trkpt>
  <trkpt lat="53.40367" lon="-7.87374">
    <name>TP374</name>
  </trkpt>
  <trkpt lat="53.40338" lon="-7.87275">
    <name>TP375</name>
  </trkpt>
  <trkpt lat="53.40308" lon="-7.87149">
    <name>TP376</name>
  </trkpt>
  <trkpt lat="53.40292" lon="-7.87076">
    <name>TP377</name>
  </trkpt>
  <trkpt lat="53.40289" lon="-7.87059">
    <name>TP378</name>
  </trkpt>
  <trkpt lat="53.40284" lon="-7.87031">
    <name>TP379</name>
  </trkpt>
  <trkpt lat="53.40279" lon="-7.87002">
    <name>TP380</name>
  </trkpt>
  <trkpt lat="53.40279" lon="-7.87001">
    <name>TP381</name>
  </trkpt>
  <trkpt lat="53.40265" lon="-7.86915">
    <name>TP382</name>
  </trkpt>
  <trkpt lat="53.40262" lon="-7.86893">
    <name>TP383</name>
  </trkpt>
  <trkpt lat="53.40259" lon="-7.86873">
    <name>TP384</name>
  </trkpt>
  <trkpt lat="53.40252" lon="-7.86824">
    <name>TP385</name>
  </trkpt>
  <trkpt lat="53.40246" lon="-7.86778">
    <name>TP386</name>
  </trkpt>
  <trkpt lat="53.40242" lon="-7.86741">
    <name>TP387</name>
  </trkpt>
  <trkpt lat="53.40236" lon="-7.86675">
    <name>TP388</name>
  </trkpt>
  <trkpt lat="53.40232" lon="-7.86624">
    <name>TP389</name>
  </trkpt>
  <trkpt lat="53.40229" lon="-7.86586">
    <name>TP390</name>
  </trkpt>
  <trkpt lat="53.40227" lon="-7.86549">
    <name>TP391</name>
  </trkpt>
  <trkpt lat="53.40226" lon="-7.86526">
    <name>TP392</name>
  </trkpt>
  <trkpt lat="53.40224" lon="-7.86466">
    <name>TP393</name>
  </trkpt>
  <trkpt lat="53.40223" lon="-7.86424">
    <name>TP394</name>
  </trkpt>
  <trkpt lat="53.40222" lon="-7.86383">
    <name>TP395</name>
  </trkpt>
  <trkpt lat="53.40223" lon="-7.86285">
    <name>TP396</name>
  </trkpt>
  <trkpt lat="53.40223" lon="-7.86244">
    <name>TP397</name>
  </trkpt>
  <trkpt lat="53.40225" lon="-7.86199">
    <name>TP398</name>
  </trkpt>
  <trkpt lat="53.40225" lon="-7.86114">
    <name>TP399</name>
  </trkpt>
  <trkpt lat="53.40226" lon="-7.86046">
    <name>TP400</name>
  </trkpt>
  <trkpt lat="53.40226" lon="-7.86003">
    <name>TP401</name>
  </trkpt>
  <trkpt lat="53.40226" lon="-7.85966">
    <name>TP402</name>
  </trkpt>
  <trkpt lat="53.40226" lon="-7.85943">
    <name>TP403</name>
  </trkpt>
  <trkpt lat="53.40225" lon="-7.85885">
    <name>TP404</name>
  </trkpt>
  <trkpt lat="53.40225" lon="-7.85881">
    <name>TP405</name>
  </trkpt>
  <trkpt lat="53.40225" lon="-7.85876">
    <name>TP406</name>
  </trkpt>
  <trkpt lat="53.40225" lon="-7.85846">
    <name>TP407</name>
  </trkpt>
  <trkpt lat="53.40224" lon="-7.85789">
    <name>TP408</name>
  </trkpt>
  <trkpt lat="53.40224" lon="-7.85786">
    <name>TP409</name>
  </trkpt>
  <trkpt lat="53.40223" lon="-7.85756">
    <name>TP410</name>
  </trkpt>
  <trkpt lat="53.40221" lon="-7.85663">
    <name>TP411</name>
  </trkpt>
  <trkpt lat="53.40218" lon="-7.85569">
    <name>TP412</name>
  </trkpt>
  <trkpt lat="53.40213" lon="-7.85461">
    <name>TP413</name>
  </trkpt>
  <trkpt lat="53.40212" lon="-7.85445">
    <name>TP414</name>
  </trkpt>
  <trkpt lat="53.40211" lon="-7.85431">
    <name>TP415</name>
  </trkpt>
  <trkpt lat="53.40204" lon="-7.85304">
    <name>TP416</name>
  </trkpt>
  <trkpt lat="53.402" lon="-7.85231">
    <name>TP417</name>
  </trkpt>
  <trkpt lat="53.40196" lon="-7.85181">
    <name>TP418</name>
  </trkpt>
  <trkpt lat="53.40177" lon="-7.84924">
    <name>TP419</name>
  </trkpt>
  <trkpt lat="53.40168" lon="-7.84806">
    <name>TP420</name>
  </trkpt>
  <trkpt lat="53.40153" lon="-7.84639">
    <name>TP421</name>
  </trkpt>
  <trkpt lat="53.40149" lon="-7.84596">
    <name>TP422</name>
  </trkpt>
  <trkpt lat="53.40149" lon="-7.84593">
    <name>TP423</name>
  </trkpt>
  <trkpt lat="53.40123" lon="-7.8433">
    <name>TP424</name>
  </trkpt>
  <trkpt lat="53.40113" lon="-7.84236">
    <name>TP425</name>
  </trkpt>
  <trkpt lat="53.4011" lon="-7.84209">
    <name>TP426</name>
  </trkpt>
  <trkpt lat="53.40109" lon="-7.842">
    <name>TP427</name>
  </trkpt>
  <trkpt lat="53.40106" lon="-7.8417">
    <name>TP428</name>
  </trkpt>
  <trkpt lat="53.40099" lon="-7.84104">
    <name>TP429</name>
  </trkpt>
  <trkpt lat="53.40083" lon="-7.83962">
    <name>TP430</name>
  </trkpt>
  <trkpt lat="53.40053" lon="-7.83727">
    <name>TP431</name>
  </trkpt>
  <trkpt lat="53.40038" lon="-7.83615">
    <name>TP432</name>
  </trkpt>
  <trkpt lat="53.40037" lon="-7.83607">
    <name>TP433</name>
  </trkpt>
  <trkpt lat="53.40036" lon="-7.83595">
    <name>TP434</name>
  </trkpt>
  <trkpt lat="53.40017" lon="-7.8346">
    <name>TP435</name>
  </trkpt>
  <trkpt lat="53.40014" lon="-7.83439">
    <name>TP436</name>
  </trkpt>
  <trkpt lat="53.40011" lon="-7.83418">
    <name>TP437</name>
  </trkpt>
  <trkpt lat="53.40011" lon="-7.83417">
    <name>TP438</name>
  </trkpt>
  <trkpt lat="53.4001" lon="-7.83409">
    <name>TP439</name>
  </trkpt>
  <trkpt lat="53.40004" lon="-7.83366">
    <name>TP440</name>
  </trkpt>
  <trkpt lat="53.39973" lon="-7.83159">
    <name>TP441</name>
  </trkpt>
  <trkpt lat="53.39953" lon="-7.83026">
    <name>TP442</name>
  </trkpt>
  <trkpt lat="53.3995" lon="-7.83008">
    <name>TP443</name>
  </trkpt>
  <trkpt lat="53.39929" lon="-7.82878">
    <name>TP444</name>
  </trkpt>
  <trkpt lat="53.39898" lon="-7.82696">
    <name>TP445</name>
  </trkpt>
  <trkpt lat="53.39874" lon="-7.82561">
    <name>TP446</name>
  </trkpt>
  <trkpt lat="53.39871" lon="-7.82543">
    <name>TP447</name>
  </trkpt>
  <trkpt lat="53.3986" lon="-7.82487">
    <name>TP448</name>
  </trkpt>
  <trkpt lat="53.39859" lon="-7.82477">
    <name>TP449</name>
  </trkpt>
  <trkpt lat="53.3985" lon="-7.82429">
    <name>TP450</name>
  </trkpt>
  <trkpt lat="53.39821" lon="-7.82281">
    <name>TP451</name>
  </trkpt>
  <trkpt lat="53.39794" lon="-7.82142">
    <name>TP452</name>
  </trkpt>
  <trkpt lat="53.39766" lon="-7.81991">
    <name>TP453</name>
  </trkpt>
  <trkpt lat="53.3975" lon="-7.81911">
    <name>TP454</name>
  </trkpt>
  <trkpt lat="53.39735" lon="-7.81842">
    <name>TP455</name>
  </trkpt>
  <trkpt lat="53.39731" lon="-7.81823">
    <name>TP456</name>
  </trkpt>
  <trkpt lat="53.3973" lon="-7.81815">
    <name>TP457</name>
  </trkpt>
  <trkpt lat="53.39726" lon="-7.81796">
    <name>TP458</name>
  </trkpt>
  <trkpt lat="53.39699" lon="-7.81672">
    <name>TP459</name>
  </trkpt>
  <trkpt lat="53.39692" lon="-7.81641">
    <name>TP460</name>
  </trkpt>
  <trkpt lat="53.39662" lon="-7.815">
    <name>TP461</name>
  </trkpt>
  <trkpt lat="53.39653" lon="-7.81456">
    <name>TP462</name>
  </trkpt>
  <trkpt lat="53.39641" lon="-7.81401">
    <name>TP463</name>
  </trkpt>
  <trkpt lat="53.39631" lon="-7.81346">
    <name>TP464</name>
  </trkpt>
  <trkpt lat="53.39618" lon="-7.81281">
    <name>TP465</name>
  </trkpt>
  <trkpt lat="53.3961" lon="-7.81235">
    <name>TP466</name>
  </trkpt>
  <trkpt lat="53.39597" lon="-7.81163">
    <name>TP467</name>
  </trkpt>
  <trkpt lat="53.39585" lon="-7.81096">
    <name>TP468</name>
  </trkpt>
  <trkpt lat="53.3957" lon="-7.81008">
    <name>TP469</name>
  </trkpt>
  <trkpt lat="53.39563" lon="-7.80959">
    <name>TP470</name>
  </trkpt>
  <trkpt lat="53.39557" lon="-7.80925">
    <name>TP471</name>
  </trkpt>
  <trkpt lat="53.39552" lon="-7.80894">
    <name>TP472</name>
  </trkpt>
  <trkpt lat="53.39544" lon="-7.80837">
    <name>TP473</name>
  </trkpt>
  <trkpt lat="53.39534" lon="-7.8077">
    <name>TP474</name>
  </trkpt>
  <trkpt lat="53.39529" lon="-7.80733">
    <name>TP475</name>
  </trkpt>
  <trkpt lat="53.3952" lon="-7.80666">
    <name>TP476</name>
  </trkpt>
  <trkpt lat="53.3951" lon="-7.80591">
    <name>TP477</name>
  </trkpt>
  <trkpt lat="53.39506" lon="-7.8056">
    <name>TP478</name>
  </trkpt>
  <trkpt lat="53.39502" lon="-7.80524">
    <name>TP479</name>
  </trkpt>
  <trkpt lat="53.39498" lon="-7.80494">
    <name>TP480</name>
  </trkpt>
  <trkpt lat="53.39495" lon="-7.80471">
    <name>TP481</name>
  </trkpt>
  <trkpt lat="53.39492" lon="-7.80441">
    <name>TP482</name>
  </trkpt>
  <trkpt lat="53.39486" lon="-7.80386">
    <name>TP483</name>
  </trkpt>
  <trkpt lat="53.39482" lon="-7.80356">
    <name>TP484</name>
  </trkpt>
  <trkpt lat="53.39479" lon="-7.80324">
    <name>TP485</name>
  </trkpt>
  <trkpt lat="53.39476" lon="-7.80293">
    <name>TP486</name>
  </trkpt>
  <trkpt lat="53.3947" lon="-7.80233">
    <name>TP487</name>
  </trkpt>
  <trkpt lat="53.39462" lon="-7.80149">
    <name>TP488</name>
  </trkpt>
  <trkpt lat="53.39457" lon="-7.80088">
    <name>TP489</name>
  </trkpt>
  <trkpt lat="53.39448" lon="-7.79979">
    <name>TP490</name>
  </trkpt>
  <trkpt lat="53.39445" lon="-7.79933">
    <name>TP491</name>
  </trkpt>
  <trkpt lat="53.3944" lon="-7.79874">
    <name>TP492</name>
  </trkpt>
  <trkpt lat="53.39438" lon="-7.7983">
    <name>TP493</name>
  </trkpt>
  <trkpt lat="53.39434" lon="-7.79762">
    <name>TP494</name>
  </trkpt>
  <trkpt lat="53.39429" lon="-7.79678">
    <name>TP495</name>
  </trkpt>
  <trkpt lat="53.39426" lon="-7.79612">
    <name>TP496</name>
  </trkpt>
  <trkpt lat="53.39424" lon="-7.79573">
    <name>TP497</name>
  </trkpt>
  <trkpt lat="53.39421" lon="-7.79502">
    <name>TP498</name>
  </trkpt>
  <trkpt lat="53.39419" lon="-7.79445">
    <name>TP499</name>
  </trkpt>
  <trkpt lat="53.39416" lon="-7.79355">
    <name>TP500</name>
  </trkpt>
  <trkpt lat="53.39414" lon="-7.79303">
    <name>TP501</name>
  </trkpt>
  <trkpt lat="53.39413" lon="-7.79267">
    <name>TP502</name>
  </trkpt>
  <trkpt lat="53.39413" lon="-7.79258">
    <name>TP503</name>
  </trkpt>
  <trkpt lat="53.39411" lon="-7.79226">
    <name>TP504</name>
  </trkpt>
  <trkpt lat="53.39409" lon="-7.79179">
    <name>TP505</name>
  </trkpt>
  <trkpt lat="53.39407" lon="-7.79134">
    <name>TP506</name>
  </trkpt>
  <trkpt lat="53.39405" lon="-7.79093">
    <name>TP507</name>
  </trkpt>
  <trkpt lat="53.3940473" lon="-7.7909323">
    <name>TP508</name>
  </trkpt>
  <trkpt lat="53.39409" lon="-7.79073">
    <name>TP509</name>
  </trkpt>
  <trkpt lat="53.39407" lon="-7.79042">
    <name>TP510</name>
  </trkpt>
  <trkpt lat="53.39406" lon="-7.78949">
    <name>TP511</name>
  </trkpt>
  <trkpt lat="53.39405" lon="-7.7892">
    <name>TP512</name>
  </trkpt>
  <trkpt lat="53.39404" lon="-7.78906">
    <name>TP513</name>
  </trkpt>
  <trkpt lat="53.394" lon="-7.78787">
    <name>TP514</name>
  </trkpt>
  <trkpt lat="53.39398" lon="-7.78742">
    <name>TP515</name>
  </trkpt>
  <trkpt lat="53.39391" lon="-7.78601">
    <name>TP516</name>
  </trkpt>
  <trkpt lat="53.39386" lon="-7.78499">
    <name>TP517</name>
  </trkpt>
  <trkpt lat="53.39385" lon="-7.78492">
    <name>TP518</name>
  </trkpt>
  <trkpt lat="53.39385" lon="-7.78481">
    <name>TP519</name>
  </trkpt>
  <trkpt lat="53.39385" lon="-7.78469">
    <name>TP520</name>
  </trkpt>
  <trkpt lat="53.39385" lon="-7.78462">
    <name>TP521</name>
  </trkpt>
  <trkpt lat="53.39384" lon="-7.78432">
    <name>TP522</name>
  </trkpt>
  <trkpt lat="53.39382" lon="-7.78358">
    <name>TP523</name>
  </trkpt>
  <trkpt lat="53.39382" lon="-7.78319">
    <name>TP524</name>
  </trkpt>
  <trkpt lat="53.39382" lon="-7.78317">
    <name>TP525</name>
  </trkpt>
  <trkpt lat="53.39382" lon="-7.78308">
    <name>TP526</name>
  </trkpt>
  <trkpt lat="53.39382" lon="-7.78299">
    <name>TP527</name>
  </trkpt>
  <trkpt lat="53.39383" lon="-7.78292">
    <name>TP528</name>
  </trkpt>
  <trkpt lat="53.39384" lon="-7.78286">
    <name>TP529</name>
  </trkpt>
  <trkpt lat="53.39385" lon="-7.7828">
    <name>TP530</name>
  </trkpt>
  <trkpt lat="53.39388" lon="-7.78274">
    <name>TP531</name>
  </trkpt>
  <trkpt lat="53.39391" lon="-7.78269">
    <name>TP532</name>
  </trkpt>
  <trkpt lat="53.39396" lon="-7.78265">
    <name>TP533</name>
  </trkpt>
  <trkpt lat="53.3939581" lon="-7.7826458">
    <name>TP534</name>
  </trkpt>
  <trkpt lat="53.394" lon="-7.78264">
    <name>TP535</name>
  </trkpt>
  <trkpt lat="53.39402" lon="-7.78263">
    <name>TP536</name>
  </trkpt>
  <trkpt lat="53.39404" lon="-7.78262">
    <name>TP537</name>
  </trkpt>
  <trkpt lat="53.39406" lon="-7.78261">
    <name>TP538</name>
  </trkpt>
  <trkpt lat="53.39407" lon="-7.78259">
    <name>TP539</name>
  </trkpt>
  <trkpt lat="53.39409" lon="-7.78257">
    <name>TP540</name>
  </trkpt>
  <trkpt lat="53.3941" lon="-7.78255">
    <name>TP541</name>
  </trkpt>
  <trkpt lat="53.39412" lon="-7.78252">
    <name>TP542</name>
  </trkpt>
  <trkpt lat="53.39413" lon="-7.7825">
    <name>TP543</name>
  </trkpt>
  <trkpt lat="53.39414" lon="-7.78247">
    <name>TP544</name>
  </trkpt>
  <trkpt lat="53.39415" lon="-7.78244">
    <name>TP545</name>
  </trkpt>
  <trkpt lat="53.39416" lon="-7.78241">
    <name>TP546</name>
  </trkpt>
  <trkpt lat="53.39416" lon="-7.78237">
    <name>TP547</name>
  </trkpt>
  <trkpt lat="53.39417" lon="-7.78234">
    <name>TP548</name>
  </trkpt>
  <trkpt lat="53.39417" lon="-7.78231">
    <name>TP549</name>
  </trkpt>
  <trkpt lat="53.39417" lon="-7.78227">
    <name>TP550</name>
  </trkpt>
  <trkpt lat="53.39417" lon="-7.78224">
    <name>TP551</name>
  </trkpt>
  <trkpt lat="53.39416" lon="-7.78221">
    <name>TP552</name>
  </trkpt>
  <trkpt lat="53.39416" lon="-7.78217">
    <name>TP553</name>
  </trkpt>
  <trkpt lat="53.39416" lon="-7.78214">
    <name>TP554</name>
  </trkpt>
  <trkpt lat="53.39415" lon="-7.78211">
    <name>TP555</name>
  </trkpt>
  <trkpt lat="53.39414" lon="-7.78208">
    <name>TP556</name>
  </trkpt>
  <trkpt lat="53.39413" lon="-7.78205">
    <name>TP557</name>
  </trkpt>
  <trkpt lat="53.39412" lon="-7.78202">
    <name>TP558</name>
  </trkpt>
  <trkpt lat="53.3941" lon="-7.782">
    <name>TP559</name>
  </trkpt>
  <trkpt lat="53.39409" lon="-7.78198">
    <name>TP560</name>
  </trkpt>
  <trkpt lat="53.39407" lon="-7.78196">
    <name>TP561</name>
  </trkpt>
  <trkpt lat="53.39405" lon="-7.78194">
    <name>TP562</name>
  </trkpt>
  <trkpt lat="53.39404" lon="-7.78193">
    <name>TP563</name>
  </trkpt>
  <trkpt lat="53.39402" lon="-7.78191">
    <name>TP564</name>
  </trkpt>
  <trkpt lat="53.394" lon="-7.78191">
    <name>TP565</name>
  </trkpt>
  <trkpt lat="53.39398" lon="-7.7819">
    <name>TP566</name>
  </trkpt>
  <trkpt lat="53.39396" lon="-7.7819">
    <name>TP567</name>
  </trkpt>
  <trkpt lat="53.39394" lon="-7.7819">
    <name>TP568</name>
  </trkpt>
  <trkpt lat="53.39392" lon="-7.7819">
    <name>TP569</name>
  </trkpt>
  <trkpt lat="53.39388" lon="-7.78192">
    <name>TP570</name>
  </trkpt>
  <trkpt lat="53.39385" lon="-7.78194">
    <name>TP571</name>
  </trkpt>
  <trkpt lat="53.39383" lon="-7.78196">
    <name>TP572</name>
  </trkpt>
  <trkpt lat="53.39382" lon="-7.78198">
    <name>TP573</name>
  </trkpt>
  <trkpt lat="53.3938" lon="-7.782">
    <name>TP574</name>
  </trkpt>
  <trkpt lat="53.39379" lon="-7.78203">
    <name>TP575</name>
  </trkpt>
  <trkpt lat="53.39378" lon="-7.78206">
    <name>TP576</name>
  </trkpt>
  <trkpt lat="53.39377" lon="-7.78208">
    <name>TP577</name>
  </trkpt>
  <trkpt lat="53.39376" lon="-7.78211">
    <name>TP578</name>
  </trkpt>
  <trkpt lat="53.39375" lon="-7.78215">
    <name>TP579</name>
  </trkpt>
  <trkpt lat="53.39375" lon="-7.78218">
    <name>TP580</name>
  </trkpt>
  <trkpt lat="53.39374" lon="-7.78221">
    <name>TP581</name>
  </trkpt>
  <trkpt lat="53.39374" lon="-7.78224">
    <name>TP582</name>
  </trkpt>
  <trkpt lat="53.39374" lon="-7.78228">
    <name>TP583</name>
  </trkpt>
  <trkpt lat="53.39361" lon="-7.78229">
    <name>TP584</name>
  </trkpt>
  <trkpt lat="53.39347" lon="-7.7823">
    <name>TP585</name>
  </trkpt>
  <trkpt lat="53.39343" lon="-7.7823">
    <name>TP586</name>
  </trkpt>
  <trkpt lat="53.39328" lon="-7.78232">
    <name>TP587</name>
  </trkpt>
  <trkpt lat="53.39325" lon="-7.78232">
    <name>TP588</name>
  </trkpt>
  <trkpt lat="53.39313" lon="-7.78233">
    <name>TP589</name>
  </trkpt>
  <trkpt lat="53.39309" lon="-7.78234">
    <name>TP590</name>
  </trkpt>
  <trkpt lat="53.39285" lon="-7.78237">
    <name>TP591</name>
  </trkpt>
  <trkpt lat="53.39267" lon="-7.78239">
    <name>TP592</name>
  </trkpt>
  <trkpt lat="53.3926722" lon="-7.782388">
    <name>TP593</name>
  </trkpt>
  <trkpt lat="53.39267" lon="-7.78232">
    <name>TP594</name>
  </trkpt>
  <trkpt lat="53.39267" lon="-7.78229">
    <name>TP595</name>
  </trkpt>
  <trkpt lat="53.39266" lon="-7.78226">
    <name>TP596</name>
  </trkpt>
  <trkpt lat="53.39265" lon="-7.78223">
    <name>TP597</name>
  </trkpt>
  <trkpt lat="53.39264" lon="-7.7822">
    <name>TP598</name>
  </trkpt>
  <trkpt lat="53.39263" lon="-7.78217">
    <name>TP599</name>
  </trkpt>
  <trkpt lat="53.39262" lon="-7.78214">
    <name>TP600</name>
  </trkpt>
  <trkpt lat="53.3926" lon="-7.78212">
    <name>TP601</name>
  </trkpt>
  <trkpt lat="53.39259" lon="-7.7821">
    <name>TP602</name>
  </trkpt>
  <trkpt lat="53.39257" lon="-7.78208">
    <name>TP603</name>
  </trkpt>
  <trkpt lat="53.39255" lon="-7.78206">
    <name>TP604</name>
  </trkpt>
  <trkpt lat="53.39253" lon="-7.78205">
    <name>TP605</name>
  </trkpt>
  <trkpt lat="53.39251" lon="-7.78204">
    <name>TP606</name>
  </trkpt>
  <trkpt lat="53.3925" lon="-7.78203">
    <name>TP607</name>
  </trkpt>
  <trkpt lat="53.39248" lon="-7.78202">
    <name>TP608</name>
  </trkpt>
  <trkpt lat="53.39246" lon="-7.78202">
    <name>TP609</name>
  </trkpt>
  <trkpt lat="53.39243" lon="-7.78203">
    <name>TP610</name>
  </trkpt>
  <trkpt lat="53.39241" lon="-7.78203">
    <name>TP611</name>
  </trkpt>
  <trkpt lat="53.3924" lon="-7.78204">
    <name>TP612</name>
  </trkpt>
  <trkpt lat="53.39238" lon="-7.78205">
    <name>TP613</name>
  </trkpt>
  <trkpt lat="53.39236" lon="-7.78207">
    <name>TP614</name>
  </trkpt>
  <trkpt lat="53.39234" lon="-7.78208">
    <name>TP615</name>
  </trkpt>
  <trkpt lat="53.39232" lon="-7.7821">
    <name>TP616</name>
  </trkpt>
  <trkpt lat="53.39231" lon="-7.78213">
    <name>TP617</name>
  </trkpt>
  <trkpt lat="53.39229" lon="-7.78215">
    <name>TP618</name>
  </trkpt>
  <trkpt lat="53.39228" lon="-7.78218">
    <name>TP619</name>
  </trkpt>
  <trkpt lat="53.39227" lon="-7.78221">
    <name>TP620</name>
  </trkpt>
  <trkpt lat="53.39226" lon="-7.78224">
    <name>TP621</name>
  </trkpt>
  <trkpt lat="53.39226" lon="-7.78227">
    <name>TP622</name>
  </trkpt>
  <trkpt lat="53.39225" lon="-7.7823">
    <name>TP623</name>
  </trkpt>
  <trkpt lat="53.39225" lon="-7.78234">
    <name>TP624</name>
  </trkpt>
  <trkpt lat="53.39225" lon="-7.7824">
    <name>TP625</name>
  </trkpt>
  <trkpt lat="53.39215" lon="-7.78239">
    <name>TP626</name>
  </trkpt>
  <trkpt lat="53.39195" lon="-7.7824">
    <name>TP627</name>
  </trkpt>
  <trkpt lat="53.39194" lon="-7.7824">
    <name>TP628</name>
  </trkpt>
  <trkpt lat="53.3916" lon="-7.78241">
    <name>TP629</name>
  </trkpt>
  <trkpt lat="53.39126" lon="-7.78247">
    <name>TP630</name>
  </trkpt>
  <trkpt lat="53.39111" lon="-7.7825">
    <name>TP631</name>
  </trkpt>
  <trkpt lat="53.39094" lon="-7.78254">
    <name>TP632</name>
  </trkpt>
  <trkpt lat="53.39023" lon="-7.78273">
    <name>TP633</name>
  </trkpt>
  <trkpt lat="53.39009" lon="-7.78276">
    <name>TP634</name>
  </trkpt>
  <trkpt lat="53.3900915" lon="-7.7827638">
    <name>TP635</name>
  </trkpt>
  <trkpt lat="53.38997" lon="-7.78174">
    <name>TP636</name>
  </trkpt>
  <trkpt lat="53.38983" lon="-7.78052">
    <name>TP637</name>
  </trkpt>
  <trkpt lat="53.38975" lon="-7.77984">
    <name>TP638</name>
  </trkpt>
  <trkpt lat="53.3897" lon="-7.77933">
    <name>TP639</name>
  </trkpt>
  <trkpt lat="53.38967" lon="-7.77888">
    <name>TP640</name>
  </trkpt>
  <trkpt lat="53.38965" lon="-7.77863">
    <name>TP641</name>
  </trkpt>
  <trkpt lat="53.38964" lon="-7.77857">
    <name>TP642</name>
  </trkpt>
  <trkpt lat="53.38964" lon="-7.77855">
    <name>TP643</name>
  </trkpt>
  <trkpt lat="53.38964" lon="-7.77848">
    <name>TP644</name>
  </trkpt>
  <trkpt lat="53.38961" lon="-7.77787">
    <name>TP645</name>
  </trkpt>
  <trkpt lat="53.3896" lon="-7.77735">
    <name>TP646</name>
  </trkpt>
  <trkpt lat="53.38958" lon="-7.77669">
    <name>TP647</name>
  </trkpt>
  <trkpt lat="53.38958" lon="-7.77609">
    <name>TP648</name>
  </trkpt>
  <trkpt lat="53.38959" lon="-7.77545">
    <name>TP649</name>
  </trkpt>
  <trkpt lat="53.38962" lon="-7.77492">
    <name>TP650</name>
  </trkpt>
  <trkpt lat="53.38966" lon="-7.7742">
    <name>TP651</name>
  </trkpt>
  <trkpt lat="53.3897" lon="-7.77375">
    <name>TP652</name>
  </trkpt>
  <trkpt lat="53.38975" lon="-7.77357">
    <name>TP653</name>
  </trkpt>
  <trkpt lat="53.38982" lon="-7.77306">
    <name>TP654</name>
  </trkpt>
  <trkpt lat="53.38988" lon="-7.77251">
    <name>TP655</name>
  </trkpt>
  <trkpt lat="53.3899" lon="-7.77237">
    <name>TP656</name>
  </trkpt>
  <trkpt lat="53.38994" lon="-7.77206">
    <name>TP657</name>
  </trkpt>
  <trkpt lat="53.38996" lon="-7.77191">
    <name>TP658</name>
  </trkpt>
  <trkpt lat="53.38998" lon="-7.77174">
    <name>TP659</name>
  </trkpt>
  <trkpt lat="53.39002" lon="-7.77146">
    <name>TP660</name>
  </trkpt>
  <trkpt lat="53.39003" lon="-7.77145">
    <name>TP661</name>
  </trkpt>
  <trkpt lat="53.39012" lon="-7.77085">
    <name>TP662</name>
  </trkpt>
  <trkpt lat="53.3902" lon="-7.77031">
    <name>TP663</name>
  </trkpt>
  <trkpt lat="53.39026" lon="-7.76982">
    <name>TP664</name>
  </trkpt>
  <trkpt lat="53.39028" lon="-7.76969">
    <name>TP665</name>
  </trkpt>
  <trkpt lat="53.39028" lon="-7.76957">
    <name>TP666</name>
  </trkpt>
  <trkpt lat="53.39031" lon="-7.76938">
    <name>TP667</name>
  </trkpt>
  <trkpt lat="53.39034" lon="-7.76913">
    <name>TP668</name>
  </trkpt>
  <trkpt lat="53.39044" lon="-7.76854">
    <name>TP669</name>
  </trkpt>
  <trkpt lat="53.39044" lon="-7.76851">
    <name>TP670</name>
  </trkpt>
  <trkpt lat="53.39045" lon="-7.76845">
    <name>TP671</name>
  </trkpt>
  <trkpt lat="53.39049" lon="-7.76817">
    <name>TP672</name>
  </trkpt>
  <trkpt lat="53.39051" lon="-7.76809">
    <name>TP673</name>
  </trkpt>
  <trkpt lat="53.39054" lon="-7.76788">
    <name>TP674</name>
  </trkpt>
  <trkpt lat="53.39061" lon="-7.7674">
    <name>TP675</name>
  </trkpt>
  <trkpt lat="53.39095" lon="-7.76524">
    <name>TP676</name>
  </trkpt>
  <trkpt lat="53.39122" lon="-7.76349">
    <name>TP677</name>
  </trkpt>
  <trkpt lat="53.39142" lon="-7.76221">
    <name>TP678</name>
  </trkpt>
  <trkpt lat="53.39147" lon="-7.76192">
    <name>TP679</name>
  </trkpt>
  <trkpt lat="53.39188" lon="-7.7593">
    <name>TP680</name>
  </trkpt>
  <trkpt lat="53.39208" lon="-7.7579">
    <name>TP681</name>
  </trkpt>
  <trkpt lat="53.39221" lon="-7.75698">
    <name>TP682</name>
  </trkpt>
  <trkpt lat="53.3923" lon="-7.75628">
    <name>TP683</name>
  </trkpt>
  <trkpt lat="53.3924" lon="-7.75539">
    <name>TP684</name>
  </trkpt>
  <trkpt lat="53.39249" lon="-7.75452">
    <name>TP685</name>
  </trkpt>
  <trkpt lat="53.39254" lon="-7.75408">
    <name>TP686</name>
  </trkpt>
  <trkpt lat="53.39255" lon="-7.75399">
    <name>TP687</name>
  </trkpt>
  <trkpt lat="53.39264" lon="-7.75325">
    <name>TP688</name>
  </trkpt>
  <trkpt lat="53.39267" lon="-7.753">
    <name>TP689</name>
  </trkpt>
  <trkpt lat="53.39277" lon="-7.75201">
    <name>TP690</name>
  </trkpt>
  <trkpt lat="53.39291" lon="-7.75091">
    <name>TP691</name>
  </trkpt>
  <trkpt lat="53.39314" lon="-7.74941">
    <name>TP692</name>
  </trkpt>
  <trkpt lat="53.39349" lon="-7.74725">
    <name>TP693</name>
  </trkpt>
  <trkpt lat="53.39374" lon="-7.74569">
    <name>TP694</name>
  </trkpt>
  <trkpt lat="53.39387" lon="-7.74493">
    <name>TP695</name>
  </trkpt>
  <trkpt lat="53.39393" lon="-7.74484">
    <name>TP696</name>
  </trkpt>
  <trkpt lat="53.39413" lon="-7.74366">
    <name>TP697</name>
  </trkpt>
  <trkpt lat="53.3942" lon="-7.74323">
    <name>TP698</name>
  </trkpt>
  <trkpt lat="53.39431" lon="-7.7425">
    <name>TP699</name>
  </trkpt>
  <trkpt lat="53.39441" lon="-7.74191">
    <name>TP700</name>
  </trkpt>
  <trkpt lat="53.39445" lon="-7.74162">
    <name>TP701</name>
  </trkpt>
  <trkpt lat="53.39462" lon="-7.74054">
    <name>TP702</name>
  </trkpt>
  <trkpt lat="53.39464" lon="-7.74041">
    <name>TP703</name>
  </trkpt>
  <trkpt lat="53.39463" lon="-7.74019">
    <name>TP704</name>
  </trkpt>
  <trkpt lat="53.39466" lon="-7.74001">
    <name>TP705</name>
  </trkpt>
  <trkpt lat="53.39472" lon="-7.73963">
    <name>TP706</name>
  </trkpt>
  <trkpt lat="53.39499" lon="-7.73789">
    <name>TP707</name>
  </trkpt>
  <trkpt lat="53.39511" lon="-7.7372">
    <name>TP708</name>
  </trkpt>
  <trkpt lat="53.39542" lon="-7.73529">
    <name>TP709</name>
  </trkpt>
  <trkpt lat="53.39581" lon="-7.73296">
    <name>TP710</name>
  </trkpt>
  <trkpt lat="53.39597" lon="-7.7319">
    <name>TP711</name>
  </trkpt>
  <trkpt lat="53.39605" lon="-7.73111">
    <name>TP712</name>
  </trkpt>
  <trkpt lat="53.39617" lon="-7.73014">
    <name>TP713</name>
  </trkpt>
  <trkpt lat="53.39631" lon="-7.72904">
    <name>TP714</name>
  </trkpt>
  <trkpt lat="53.39639" lon="-7.72814">
    <name>TP715</name>
  </trkpt>
  <trkpt lat="53.3964" lon="-7.728">
    <name>TP716</name>
  </trkpt>
  <trkpt lat="53.39639" lon="-7.72738">
    <name>TP717</name>
  </trkpt>
  <trkpt lat="53.39636" lon="-7.72626">
    <name>TP718</name>
  </trkpt>
  <trkpt lat="53.39632" lon="-7.7256">
    <name>TP719</name>
  </trkpt>
  <trkpt lat="53.39631" lon="-7.72556">
    <name>TP720</name>
  </trkpt>
  <trkpt lat="53.39626" lon="-7.72488">
    <name>TP721</name>
  </trkpt>
  <trkpt lat="53.39609" lon="-7.72309">
    <name>TP722</name>
  </trkpt>
  <trkpt lat="53.39604" lon="-7.7227">
    <name>TP723</name>
  </trkpt>
  <trkpt lat="53.39598" lon="-7.72241">
    <name>TP724</name>
  </trkpt>
  <trkpt lat="53.39591" lon="-7.72213">
    <name>TP725</name>
  </trkpt>
  <trkpt lat="53.39585" lon="-7.72192">
    <name>TP726</name>
  </trkpt>
  <trkpt lat="53.39572" lon="-7.7215">
    <name>TP727</name>
  </trkpt>
  <trkpt lat="53.39548" lon="-7.72065">
    <name>TP728</name>
  </trkpt>
  <trkpt lat="53.39537" lon="-7.72027">
    <name>TP729</name>
  </trkpt>
  <trkpt lat="53.39524" lon="-7.7198">
    <name>TP730</name>
  </trkpt>
  <trkpt lat="53.39513" lon="-7.71938">
    <name>TP731</name>
  </trkpt>
  <trkpt lat="53.39512" lon="-7.71935">
    <name>TP732</name>
  </trkpt>
  <trkpt lat="53.39505" lon="-7.71913">
    <name>TP733</name>
  </trkpt>
  <trkpt lat="53.39497" lon="-7.71887">
    <name>TP734</name>
  </trkpt>
  <trkpt lat="53.39496" lon="-7.71877">
    <name>TP735</name>
  </trkpt>
  <trkpt lat="53.39495" lon="-7.71869">
    <name>TP736</name>
  </trkpt>
  <trkpt lat="53.39495" lon="-7.71862">
    <name>TP737</name>
  </trkpt>
  <trkpt lat="53.3949481" lon="-7.7186188">
    <name>TP738</name>
  </trkpt>
  <trkpt lat="53.3949481" lon="-7.7186188">
    <name>TP739</name>
  </trkpt>
  <trkpt lat="53.39495" lon="-7.71869">
    <name>TP740</name>
  </trkpt>
  <trkpt lat="53.39496" lon="-7.71877">
    <name>TP741</name>
  </trkpt>
  <trkpt lat="53.39497" lon="-7.71887">
    <name>TP742</name>
  </trkpt>
  <trkpt lat="53.39505" lon="-7.71913">
    <name>TP743</name>
  </trkpt>
  <trkpt lat="53.39512" lon="-7.71935">
    <name>TP744</name>
  </trkpt>
  <trkpt lat="53.39513" lon="-7.71938">
    <name>TP745</name>
  </trkpt>
  <trkpt lat="53.39524" lon="-7.7198">
    <name>TP746</name>
  </trkpt>
  <trkpt lat="53.39537" lon="-7.72027">
    <name>TP747</name>
  </trkpt>
  <trkpt lat="53.39548" lon="-7.72065">
    <name>TP748</name>
  </trkpt>
  <trkpt lat="53.39572" lon="-7.7215">
    <name>TP749</name>
  </trkpt>
  <trkpt lat="53.39585" lon="-7.72192">
    <name>TP750</name>
  </trkpt>
  <trkpt lat="53.39591" lon="-7.72213">
    <name>TP751</name>
  </trkpt>
  <trkpt lat="53.39598" lon="-7.72241">
    <name>TP752</name>
  </trkpt>
  <trkpt lat="53.39604" lon="-7.7227">
    <name>TP753</name>
  </trkpt>
  <trkpt lat="53.39609" lon="-7.72309">
    <name>TP754</name>
  </trkpt>
  <trkpt lat="53.39626" lon="-7.72488">
    <name>TP755</name>
  </trkpt>
  <trkpt lat="53.39631" lon="-7.72556">
    <name>TP756</name>
  </trkpt>
  <trkpt lat="53.39632" lon="-7.7256">
    <name>TP757</name>
  </trkpt>
  <trkpt lat="53.39636" lon="-7.72626">
    <name>TP758</name>
  </trkpt>
  <trkpt lat="53.39639" lon="-7.72738">
    <name>TP759</name>
  </trkpt>
  <trkpt lat="53.3964" lon="-7.728">
    <name>TP760</name>
  </trkpt>
  <trkpt lat="53.39639" lon="-7.72814">
    <name>TP761</name>
  </trkpt>
  <trkpt lat="53.39631" lon="-7.72904">
    <name>TP762</name>
  </trkpt>
  <trkpt lat="53.39617" lon="-7.73014">
    <name>TP763</name>
  </trkpt>
  <trkpt lat="53.39605" lon="-7.73111">
    <name>TP764</name>
  </trkpt>
  <trkpt lat="53.39597" lon="-7.7319">
    <name>TP765</name>
  </trkpt>
  <trkpt lat="53.39581" lon="-7.73296">
    <name>TP766</name>
  </trkpt>
  <trkpt lat="53.39542" lon="-7.73529">
    <name>TP767</name>
  </trkpt>
  <trkpt lat="53.39511" lon="-7.7372">
    <name>TP768</name>
  </trkpt>
  <trkpt lat="53.39499" lon="-7.73789">
    <name>TP769</name>
  </trkpt>
  <trkpt lat="53.3949939" lon="-7.7378937">
    <name>TP770</name>
  </trkpt>
  <trkpt lat="53.39512" lon="-7.73782">
    <name>TP771</name>
  </trkpt>
  <trkpt lat="53.39527" lon="-7.73771">
    <name>TP772</name>
  </trkpt>
  <trkpt lat="53.39538" lon="-7.73763">
    <name>TP773</name>
  </trkpt>
  <trkpt lat="53.39548" lon="-7.73755">
    <name>TP774</name>
  </trkpt>
  <trkpt lat="53.39563" lon="-7.73742">
    <name>TP775</name>
  </trkpt>
  <trkpt lat="53.39594" lon="-7.73715">
    <name>TP776</name>
  </trkpt>
  <trkpt lat="53.39648" lon="-7.7367">
    <name>TP777</name>
  </trkpt>
  <trkpt lat="53.39674" lon="-7.73655">
    <name>TP778</name>
  </trkpt>
  <trkpt lat="53.39688" lon="-7.73649">
    <name>TP779</name>
  </trkpt>
  <trkpt lat="53.39717" lon="-7.73633">
    <name>TP780</name>
  </trkpt>
  <trkpt lat="53.39734" lon="-7.73626">
    <name>TP781</name>
  </trkpt>
  <trkpt lat="53.39766" lon="-7.73616">
    <name>TP782</name>
  </trkpt>
  <trkpt lat="53.39841" lon="-7.73605">
    <name>TP783</name>
  </trkpt>
  <trkpt lat="53.39843" lon="-7.73605">
    <name>TP784</name>
  </trkpt>
  <trkpt lat="53.39852" lon="-7.73604">
    <name>TP785</name>
  </trkpt>
  <trkpt lat="53.39857" lon="-7.73604">
    <name>TP786</name>
  </trkpt>
  <trkpt lat="53.39887" lon="-7.73607">
    <name>TP787</name>
  </trkpt>
  <trkpt lat="53.39896" lon="-7.73612">
    <name>TP788</name>
  </trkpt>
  <trkpt lat="53.39904" lon="-7.73617">
    <name>TP789</name>
  </trkpt>
  <trkpt lat="53.39911" lon="-7.73621">
    <name>TP790</name>
  </trkpt>
  <trkpt lat="53.39918" lon="-7.73625">
    <name>TP791</name>
  </trkpt>
  <trkpt lat="53.3991766" lon="-7.7362522">
    <name>TP792</name>
  </trkpt>
  <trkpt lat="53.39932" lon="-7.73636">
    <name>TP793</name>
  </trkpt>
  <trkpt lat="53.39944" lon="-7.73644">
    <name>TP794</name>
  </trkpt>
  <trkpt lat="53.39955" lon="-7.7365">
    <name>TP795</name>
  </trkpt>
  <trkpt lat="53.39966" lon="-7.73654">
    <name>TP796</name>
  </trkpt>
  <trkpt lat="53.39973" lon="-7.73657">
    <name>TP797</name>
  </trkpt>
  <trkpt lat="53.39979" lon="-7.73658">
    <name>TP798</name>
  </trkpt>
  <trkpt lat="53.39991" lon="-7.7366">
    <name>TP799</name>
  </trkpt>
  <trkpt lat="53.40009" lon="-7.73659">
    <name>TP800</name>
  </trkpt>
  <trkpt lat="53.40033" lon="-7.73659">
    <name>TP801</name>
  </trkpt>
  <trkpt lat="53.40054" lon="-7.73665">
    <name>TP802</name>
  </trkpt>
  <trkpt lat="53.40058" lon="-7.73667">
    <name>TP803</name>
  </trkpt>
  <trkpt lat="53.40098" lon="-7.73692">
    <name>TP804</name>
  </trkpt>
  <trkpt lat="53.401" lon="-7.73694">
    <name>TP805</name>
  </trkpt>
  <trkpt lat="53.40137" lon="-7.73716">
    <name>TP806</name>
  </trkpt>
  <trkpt lat="53.4015" lon="-7.73722">
    <name>TP807</name>
  </trkpt>
  <trkpt lat="53.40163" lon="-7.73729">
    <name>TP808</name>
  </trkpt>
  <trkpt lat="53.40187" lon="-7.73747">
    <name>TP809</name>
  </trkpt>
  <trkpt lat="53.40203" lon="-7.73756">
    <name>TP810</name>
  </trkpt>
  <trkpt lat="53.40217" lon="-7.73764">
    <name>TP811</name>
  </trkpt>
  <trkpt lat="53.40219" lon="-7.73765">
    <name>TP812</name>
  </trkpt>
  <trkpt lat="53.40238" lon="-7.7377">
    <name>TP813</name>
  </trkpt>
  <trkpt lat="53.4027" lon="-7.73775">
    <name>TP814</name>
  </trkpt>
  <trkpt lat="53.40302" lon="-7.73782">
    <name>TP815</name>
  </trkpt>
  <trkpt lat="53.40334" lon="-7.73787">
    <name>TP816</name>
  </trkpt>
  <trkpt lat="53.4033385" lon="-7.737873">
    <name>TP817</name>
  </trkpt>
  <trkpt lat="53.40411" lon="-7.73778">
    <name>TP818</name>
  </trkpt>
  <trkpt lat="53.40423" lon="-7.73779">
    <name>TP819</name>
  </trkpt>
  <trkpt lat="53.40453" lon="-7.73786">
    <name>TP820</name>
  </trkpt>
  <trkpt lat="53.40472" lon="-7.73788">
    <name>TP821</name>
  </trkpt>
  <trkpt lat="53.40478" lon="-7.73789">
    <name>TP822</name>
  </trkpt>
  <trkpt lat="53.40505" lon="-7.73791">
    <name>TP823</name>
  </trkpt>
  <trkpt lat="53.4052" lon="-7.73789">
    <name>TP824</name>
  </trkpt>
  <trkpt lat="53.40536" lon="-7.73789">
    <name>TP825</name>
  </trkpt>
  <trkpt lat="53.40551" lon="-7.73787">
    <name>TP826</name>
  </trkpt>
  <trkpt lat="53.40566" lon="-7.73783">
    <name>TP827</name>
  </trkpt>
  <trkpt lat="53.40579" lon="-7.73779">
    <name>TP828</name>
  </trkpt>
  <trkpt lat="53.40584" lon="-7.73777">
    <name>TP829</name>
  </trkpt>
  <trkpt lat="53.40597" lon="-7.73772">
    <name>TP830</name>
  </trkpt>
  <trkpt lat="53.406" lon="-7.73771">
    <name>TP831</name>
  </trkpt>
  <trkpt lat="53.40614" lon="-7.73765">
    <name>TP832</name>
  </trkpt>
  <trkpt lat="53.40617" lon="-7.73764">
    <name>TP833</name>
  </trkpt>
  <trkpt lat="53.40642" lon="-7.73751">
    <name>TP834</name>
  </trkpt>
  <trkpt lat="53.40657" lon="-7.73744">
    <name>TP835</name>
  </trkpt>
  <trkpt lat="53.40663" lon="-7.73743">
    <name>TP836</name>
  </trkpt>
  <trkpt lat="53.40666" lon="-7.73743">
    <name>TP837</name>
  </trkpt>
  <trkpt lat="53.40671" lon="-7.73743">
    <name>TP838</name>
  </trkpt>
  <trkpt lat="53.40679" lon="-7.73744">
    <name>TP839</name>
  </trkpt>
  <trkpt lat="53.40689" lon="-7.73748">
    <name>TP840</name>
  </trkpt>
  <trkpt lat="53.40716" lon="-7.7375">
    <name>TP841</name>
  </trkpt>
  <trkpt lat="53.40733" lon="-7.73749">
    <name>TP842</name>
  </trkpt>
  <trkpt lat="53.40753" lon="-7.73747">
    <name>TP843</name>
  </trkpt>
  <trkpt lat="53.40775" lon="-7.73736">
    <name>TP844</name>
  </trkpt>
  <trkpt lat="53.40792" lon="-7.73729">
    <name>TP845</name>
  </trkpt>
  <trkpt lat="53.40808" lon="-7.73725">
    <name>TP846</name>
  </trkpt>
  <trkpt lat="53.40818" lon="-7.73726">
    <name>TP847</name>
  </trkpt>
  <trkpt lat="53.4083" lon="-7.73729">
    <name>TP848</name>
  </trkpt>
  <trkpt lat="53.40847" lon="-7.73737">
    <name>TP849</name>
  </trkpt>
  <trkpt lat="53.4086" lon="-7.73744">
    <name>TP850</name>
  </trkpt>
  <trkpt lat="53.40875" lon="-7.73752">
    <name>TP851</name>
  </trkpt>
  <trkpt lat="53.40892" lon="-7.73759">
    <name>TP852</name>
  </trkpt>
  <trkpt lat="53.40909" lon="-7.73763">
    <name>TP853</name>
  </trkpt>
  <trkpt lat="53.40977" lon="-7.73774">
    <name>TP854</name>
  </trkpt>
  <trkpt lat="53.40995" lon="-7.73777">
    <name>TP855</name>
  </trkpt>
  <trkpt lat="53.4115" lon="-7.73802">
    <name>TP856</name>
  </trkpt>
  <trkpt lat="53.41156" lon="-7.73803">
    <name>TP857</name>
  </trkpt>
  <trkpt lat="53.41174" lon="-7.73807">
    <name>TP858</name>
  </trkpt>
  <trkpt lat="53.4119" lon="-7.7381">
    <name>TP859</name>
  </trkpt>
  <trkpt lat="53.41212" lon="-7.73813">
    <name>TP860</name>
  </trkpt>
  <trkpt lat="53.41254" lon="-7.73811">
    <name>TP861</name>
  </trkpt>
  <trkpt lat="53.41275" lon="-7.73809">
    <name>TP862</name>
  </trkpt>
  <trkpt lat="53.41283" lon="-7.7381">
    <name>TP863</name>
  </trkpt>
  <trkpt lat="53.41291" lon="-7.73813">
    <name>TP864</name>
  </trkpt>
  <trkpt lat="53.41299" lon="-7.73819">
    <name>TP865</name>
  </trkpt>
  <trkpt lat="53.41327" lon="-7.73867">
    <name>TP866</name>
  </trkpt>
  <trkpt lat="53.41391" lon="-7.74014">
    <name>TP867</name>
  </trkpt>
  <trkpt lat="53.41444" lon="-7.74136">
    <name>TP868</name>
  </trkpt>
  <trkpt lat="53.41465" lon="-7.74184">
    <name>TP869</name>
  </trkpt>
  <trkpt lat="53.41471" lon="-7.74197">
    <name>TP870</name>
  </trkpt>
  <trkpt lat="53.41475" lon="-7.7421">
    <name>TP871</name>
  </trkpt>
  <trkpt lat="53.41484" lon="-7.74236">
    <name>TP872</name>
  </trkpt>
  <trkpt lat="53.41486" lon="-7.74242">
    <name>TP873</name>
  </trkpt>
  <trkpt lat="53.41502" lon="-7.74302">
    <name>TP874</name>
  </trkpt>
  <trkpt lat="53.41514" lon="-7.74335">
    <name>TP875</name>
  </trkpt>
  <trkpt lat="53.41538" lon="-7.74392">
    <name>TP876</name>
  </trkpt>
  <trkpt lat="53.41541" lon="-7.74398">
    <name>TP877</name>
  </trkpt>
  <trkpt lat="53.41548" lon="-7.74417">
    <name>TP878</name>
  </trkpt>
  <trkpt lat="53.41558" lon="-7.74442">
    <name>TP879</name>
  </trkpt>
  <trkpt lat="53.41559" lon="-7.74445">
    <name>TP880</name>
  </trkpt>
  <trkpt lat="53.41567" lon="-7.74468">
    <name>TP881</name>
  </trkpt>
  <trkpt lat="53.41582" lon="-7.74511">
    <name>TP882</name>
  </trkpt>
  <trkpt lat="53.41605" lon="-7.7457">
    <name>TP883</name>
  </trkpt>
  <trkpt lat="53.41615" lon="-7.74595">
    <name>TP884</name>
  </trkpt>
  <trkpt lat="53.41618" lon="-7.74602">
    <name>TP885</name>
  </trkpt>
  <trkpt lat="53.41651" lon="-7.74654">
    <name>TP886</name>
  </trkpt>
  <trkpt lat="53.41654" lon="-7.74657">
    <name>TP887</name>
  </trkpt>
  <trkpt lat="53.41668" lon="-7.74676">
    <name>TP888</name>
  </trkpt>
  <trkpt lat="53.41683" lon="-7.74695">
    <name>TP889</name>
  </trkpt>
  <trkpt lat="53.41697" lon="-7.74713">
    <name>TP890</name>
  </trkpt>
  <trkpt lat="53.41711" lon="-7.74732">
    <name>TP891</name>
  </trkpt>
  <trkpt lat="53.41714" lon="-7.74736">
    <name>TP892</name>
  </trkpt>
  <trkpt lat="53.41726" lon="-7.74747">
    <name>TP893</name>
  </trkpt>
  <trkpt lat="53.41735" lon="-7.74756">
    <name>TP894</name>
  </trkpt>
  <trkpt lat="53.4175" lon="-7.74775">
    <name>TP895</name>
  </trkpt>
  <trkpt lat="53.41754" lon="-7.74785">
    <name>TP896</name>
  </trkpt>
  <trkpt lat="53.41761" lon="-7.74803">
    <name>TP897</name>
  </trkpt>
  <trkpt lat="53.41774" lon="-7.74834">
    <name>TP898</name>
  </trkpt>
  <trkpt lat="53.41782" lon="-7.74851">
    <name>TP899</name>
  </trkpt>
  <trkpt lat="53.41787" lon="-7.74856">
    <name>TP900</name>
  </trkpt>
  <trkpt lat="53.41798" lon="-7.74871">
    <name>TP901</name>
  </trkpt>
  <trkpt lat="53.41801" lon="-7.74875">
    <name>TP902</name>
  </trkpt>
  <trkpt lat="53.41815" lon="-7.74891">
    <name>TP903</name>
  </trkpt>
  <trkpt lat="53.41829" lon="-7.7491">
    <name>TP904</name>
  </trkpt>
  <trkpt lat="53.41838" lon="-7.74932">
    <name>TP905</name>
  </trkpt>
  <trkpt lat="53.41847" lon="-7.74956">
    <name>TP906</name>
  </trkpt>
  <trkpt lat="53.4186" lon="-7.74991">
    <name>TP907</name>
  </trkpt>
  <trkpt lat="53.41866" lon="-7.75014">
    <name>TP908</name>
  </trkpt>
  <trkpt lat="53.4186622" lon="-7.7501434">
    <name>TP909</name>
  </trkpt>
  <trkpt lat="53.41871" lon="-7.75032">
    <name>TP910</name>
  </trkpt>
  <trkpt lat="53.41883" lon="-7.75068">
    <name>TP911</name>
  </trkpt>
  <trkpt lat="53.41892" lon="-7.75084">
    <name>TP912</name>
  </trkpt>
  <trkpt lat="53.41893" lon="-7.75087">
    <name>TP913</name>
  </trkpt>
  <trkpt lat="53.41903" lon="-7.75096">
    <name>TP914</name>
  </trkpt>
  <trkpt lat="53.41925" lon="-7.75108">
    <name>TP915</name>
  </trkpt>
  <trkpt lat="53.41962" lon="-7.75127">
    <name>TP916</name>
  </trkpt>
  <trkpt lat="53.4199" lon="-7.75139">
    <name>TP917</name>
  </trkpt>
  <trkpt lat="53.42012" lon="-7.75142">
    <name>TP918</name>
  </trkpt>
  <trkpt lat="53.42043" lon="-7.7515">
    <name>TP919</name>
  </trkpt>
  <trkpt lat="53.42048" lon="-7.75152">
    <name>TP920</name>
  </trkpt>
  <trkpt lat="53.42065" lon="-7.7516">
    <name>TP921</name>
  </trkpt>
  <trkpt lat="53.42075" lon="-7.75165">
    <name>TP922</name>
  </trkpt>
  <trkpt lat="53.42082" lon="-7.7517">
    <name>TP923</name>
  </trkpt>
  <trkpt lat="53.42097" lon="-7.75183">
    <name>TP924</name>
  </trkpt>
  <trkpt lat="53.42112" lon="-7.752">
    <name>TP925</name>
  </trkpt>
  <trkpt lat="53.42132" lon="-7.75227">
    <name>TP926</name>
  </trkpt>
  <trkpt lat="53.42144" lon="-7.75251">
    <name>TP927</name>
  </trkpt>
  <trkpt lat="53.42151" lon="-7.75267">
    <name>TP928</name>
  </trkpt>
  <trkpt lat="53.42157" lon="-7.75288">
    <name>TP929</name>
  </trkpt>
  <trkpt lat="53.42163" lon="-7.75315">
    <name>TP930</name>
  </trkpt>
  <trkpt lat="53.4217" lon="-7.75392">
    <name>TP931</name>
  </trkpt>
  <trkpt lat="53.42172" lon="-7.75414">
    <name>TP932</name>
  </trkpt>
  <trkpt lat="53.42174" lon="-7.75442">
    <name>TP933</name>
  </trkpt>
  <trkpt lat="53.42177" lon="-7.75488">
    <name>TP934</name>
  </trkpt>
  <trkpt lat="53.42184" lon="-7.75546">
    <name>TP935</name>
  </trkpt>
  <trkpt lat="53.42187" lon="-7.75563">
    <name>TP936</name>
  </trkpt>
  <trkpt lat="53.42189" lon="-7.75579">
    <name>TP937</name>
  </trkpt>
  <trkpt lat="53.42192" lon="-7.75592">
    <name>TP938</name>
  </trkpt>
  <trkpt lat="53.42198" lon="-7.75614">
    <name>TP939</name>
  </trkpt>
  <trkpt lat="53.42206" lon="-7.75634">
    <name>TP940</name>
  </trkpt>
  <trkpt lat="53.42214" lon="-7.7565">
    <name>TP941</name>
  </trkpt>
  <trkpt lat="53.42217" lon="-7.75663">
    <name>TP942</name>
  </trkpt>
  <trkpt lat="53.4222" lon="-7.75682">
    <name>TP943</name>
  </trkpt>
  <trkpt lat="53.42221" lon="-7.75718">
    <name>TP944</name>
  </trkpt>
  <trkpt lat="53.42222" lon="-7.75746">
    <name>TP945</name>
  </trkpt>
  <trkpt lat="53.42225" lon="-7.75772">
    <name>TP946</name>
  </trkpt>
  <trkpt lat="53.42237" lon="-7.75843">
    <name>TP947</name>
  </trkpt>
  <trkpt lat="53.42244" lon="-7.75876">
    <name>TP948</name>
  </trkpt>
  <trkpt lat="53.42245" lon="-7.75879">
    <name>TP949</name>
  </trkpt>
  <trkpt lat="53.4225" lon="-7.75904">
    <name>TP950</name>
  </trkpt>
  <trkpt lat="53.42252" lon="-7.75913">
    <name>TP951</name>
  </trkpt>
  <trkpt lat="53.42255" lon="-7.75933">
    <name>TP952</name>
  </trkpt>
  <trkpt lat="53.42261" lon="-7.75968">
    <name>TP953</name>
  </trkpt>
  <trkpt lat="53.42277" lon="-7.76079">
    <name>TP954</name>
  </trkpt>
  <trkpt lat="53.42305" lon="-7.76224">
    <name>TP955</name>
  </trkpt>
  <trkpt lat="53.42306" lon="-7.76234">
    <name>TP956</name>
  </trkpt>
  <trkpt lat="53.42312" lon="-7.7627">
    <name>TP957</name>
  </trkpt>
  <trkpt lat="53.42314" lon="-7.76303">
    <name>TP958</name>
  </trkpt>
  <trkpt lat="53.42319" lon="-7.76348">
    <name>TP959</name>
  </trkpt>
  <trkpt lat="53.42324" lon="-7.76401">
    <name>TP960</name>
  </trkpt>
  <trkpt lat="53.42324" lon="-7.76412">
    <name>TP961</name>
  </trkpt>
  <trkpt lat="53.42323" lon="-7.7644">
    <name>TP962</name>
  </trkpt>
  <trkpt lat="53.42326" lon="-7.76479">
    <name>TP963</name>
  </trkpt>
  <trkpt lat="53.42326" lon="-7.7649">
    <name>TP964</name>
  </trkpt>
  <trkpt lat="53.42329" lon="-7.76515">
    <name>TP965</name>
  </trkpt>
  <trkpt lat="53.42344" lon="-7.76584">
    <name>TP966</name>
  </trkpt>
  <trkpt lat="53.42352" lon="-7.76616">
    <name>TP967</name>
  </trkpt>
  <trkpt lat="53.42359" lon="-7.76644">
    <name>TP968</name>
  </trkpt>
  <trkpt lat="53.42364" lon="-7.76666">
    <name>TP969</name>
  </trkpt>
  <trkpt lat="53.42375" lon="-7.76705">
    <name>TP970</name>
  </trkpt>
  <trkpt lat="53.42376" lon="-7.7671">
    <name>TP971</name>
  </trkpt>
  <trkpt lat="53.4238" lon="-7.76727">
    <name>TP972</name>
  </trkpt>
  <trkpt lat="53.42382" lon="-7.76733">
    <name>TP973</name>
  </trkpt>
  <trkpt lat="53.42382" lon="-7.76734">
    <name>TP974</name>
  </trkpt>
  <trkpt lat="53.42384" lon="-7.76753">
    <name>TP975</name>
  </trkpt>
  <trkpt lat="53.42388" lon="-7.76778">
    <name>TP976</name>
  </trkpt>
  <trkpt lat="53.42396" lon="-7.76807">
    <name>TP977</name>
  </trkpt>
  <trkpt lat="53.42429" lon="-7.76886">
    <name>TP978</name>
  </trkpt>
  <trkpt lat="53.42491" lon="-7.76992">
    <name>TP979</name>
  </trkpt>
  <trkpt lat="53.42519" lon="-7.77047">
    <name>TP980</name>
  </trkpt>
  <trkpt lat="53.42558" lon="-7.77119">
    <name>TP981</name>
  </trkpt>
  <trkpt lat="53.42571" lon="-7.77137">
    <name>TP982</name>
  </trkpt>
  <trkpt lat="53.42603" lon="-7.77169">
    <name>TP983</name>
  </trkpt>
  <trkpt lat="53.42622" lon="-7.77189">
    <name>TP984</name>
  </trkpt>
  <trkpt lat="53.42649" lon="-7.77219">
    <name>TP985</name>
  </trkpt>
  <trkpt lat="53.42655" lon="-7.77226">
    <name>TP986</name>
  </trkpt>
  <trkpt lat="53.42657" lon="-7.7723">
    <name>TP987</name>
  </trkpt>
  <trkpt lat="53.42662" lon="-7.77237">
    <name>TP988</name>
  </trkpt>
  <trkpt lat="53.42669" lon="-7.77245">
    <name>TP989</name>
  </trkpt>
  <trkpt lat="53.42672" lon="-7.77248">
    <name>TP990</name>
  </trkpt>
  <trkpt lat="53.42676" lon="-7.77255">
    <name>TP991</name>
  </trkpt>
  <trkpt lat="53.42678" lon="-7.77259">
    <name>TP992</name>
  </trkpt>
  <trkpt lat="53.42682" lon="-7.77267">
    <name>TP993</name>
  </trkpt>
  <trkpt lat="53.42691" lon="-7.77288">
    <name>TP994</name>
  </trkpt>
  <trkpt lat="53.4271" lon="-7.77325">
    <name>TP995</name>
  </trkpt>
  <trkpt lat="53.4272" lon="-7.77348">
    <name>TP996</name>
  </trkpt>
  <trkpt lat="53.4273" lon="-7.77368">
    <name>TP997</name>
  </trkpt>
  <trkpt lat="53.42733" lon="-7.77372">
    <name>TP998</name>
  </trkpt>
  <trkpt lat="53.42743" lon="-7.77398">
    <name>TP999</name>
  </trkpt>
  <trkpt lat="53.42748" lon="-7.7742">
    <name>TP1000</name>
  </trkpt>
  <trkpt lat="53.42751" lon="-7.77432">
    <name>TP1001</name>
  </trkpt>
  <trkpt lat="53.4275122" lon="-7.7743171">
    <name>TP1002</name>
  </trkpt>
  <trkpt lat="53.42751" lon="-7.77435">
    <name>TP1003</name>
  </trkpt>
  <trkpt lat="53.42754" lon="-7.77473">
    <name>TP1004</name>
  </trkpt>
  <trkpt lat="53.42755" lon="-7.77505">
    <name>TP1005</name>
  </trkpt>
  <trkpt lat="53.42757" lon="-7.77538">
    <name>TP1006</name>
  </trkpt>
  <trkpt lat="53.42759" lon="-7.77558">
    <name>TP1007</name>
  </trkpt>
  <trkpt lat="53.4276" lon="-7.77563">
    <name>TP1008</name>
  </trkpt>
  <trkpt lat="53.42762" lon="-7.7757">
    <name>TP1009</name>
  </trkpt>
  <trkpt lat="53.42764" lon="-7.77577">
    <name>TP1010</name>
  </trkpt>
  <trkpt lat="53.42768" lon="-7.77595">
    <name>TP1011</name>
  </trkpt>
  <trkpt lat="53.42777" lon="-7.77616">
    <name>TP1012</name>
  </trkpt>
  <trkpt lat="53.42784" lon="-7.7763">
    <name>TP1013</name>
  </trkpt>
  <trkpt lat="53.42784" lon="-7.77631">
    <name>TP1014</name>
  </trkpt>
  <trkpt lat="53.42795" lon="-7.77654">
    <name>TP1015</name>
  </trkpt>
  <trkpt lat="53.42797" lon="-7.77658">
    <name>TP1016</name>
  </trkpt>
  <trkpt lat="53.42818" lon="-7.77705">
    <name>TP1017</name>
  </trkpt>
  <trkpt lat="53.42846" lon="-7.77768">
    <name>TP1018</name>
  </trkpt>
  <trkpt lat="53.42858" lon="-7.77801">
    <name>TP1019</name>
  </trkpt>
  <trkpt lat="53.42866" lon="-7.77825">
    <name>TP1020</name>
  </trkpt>
  <trkpt lat="53.42873" lon="-7.77842">
    <name>TP1021</name>
  </trkpt>
  <trkpt lat="53.42883" lon="-7.77877">
    <name>TP1022</name>
  </trkpt>
  <trkpt lat="53.4288312" lon="-7.7787692">
    <name>TP1023</name>
  </trkpt>
  <trkpt lat="53.42896" lon="-7.77919">
    <name>TP1024</name>
  </trkpt>
  <trkpt lat="53.42911" lon="-7.77952">
    <name>TP1025</name>
  </trkpt>
  <trkpt lat="53.42921" lon="-7.77971">
    <name>TP1026</name>
  </trkpt>
  <trkpt lat="53.4294" lon="-7.78007">
    <name>TP1027</name>
  </trkpt>
  <trkpt lat="53.4296" lon="-7.7804">
    <name>TP1028</name>
  </trkpt>
  <trkpt lat="53.42977" lon="-7.78068">
    <name>TP1029</name>
  </trkpt>
  <trkpt lat="53.42991" lon="-7.78093">
    <name>TP1030</name>
  </trkpt>
  <trkpt lat="53.43" lon="-7.78108">
    <name>TP1031</name>
  </trkpt>
  <trkpt lat="53.43009" lon="-7.78121">
    <name>TP1032</name>
  </trkpt>
  <trkpt lat="53.43014" lon="-7.78128">
    <name>TP1033</name>
  </trkpt>
  <trkpt lat="53.43019" lon="-7.78135">
    <name>TP1034</name>
  </trkpt>
  <trkpt lat="53.43029" lon="-7.78147">
    <name>TP1035</name>
  </trkpt>
  <trkpt lat="53.43039" lon="-7.78157">
    <name>TP1036</name>
  </trkpt>
  <trkpt lat="53.43054" lon="-7.78176">
    <name>TP1037</name>
  </trkpt>
  <trkpt lat="53.4307" lon="-7.78199">
    <name>TP1038</name>
  </trkpt>
  <trkpt lat="53.43086" lon="-7.78222">
    <name>TP1039</name>
  </trkpt>
  <trkpt lat="53.4308568" lon="-7.7822234">
    <name>TP1040</name>
  </trkpt>
  <trkpt lat="53.43097" lon="-7.78245">
    <name>TP1041</name>
  </trkpt>
  <trkpt lat="53.43106" lon="-7.78256">
    <name>TP1042</name>
  </trkpt>
  <trkpt lat="53.43115" lon="-7.78266">
    <name>TP1043</name>
  </trkpt>
  <trkpt lat="53.43135" lon="-7.78288">
    <name>TP1044</name>
  </trkpt>
  <trkpt lat="53.43157" lon="-7.78306">
    <name>TP1045</name>
  </trkpt>
  <trkpt lat="53.43185" lon="-7.78332">
    <name>TP1046</name>
  </trkpt>
  <trkpt lat="53.43212" lon="-7.78371">
    <name>TP1047</name>
  </trkpt>
  <trkpt lat="53.43225" lon="-7.7839">
    <name>TP1048</name>
  </trkpt>
  <trkpt lat="53.43239" lon="-7.78417">
    <name>TP1049</name>
  </trkpt>
  <trkpt lat="53.43243" lon="-7.78426">
    <name>TP1050</name>
  </trkpt>
  <trkpt lat="53.43246" lon="-7.78431">
    <name>TP1051</name>
  </trkpt>
  <trkpt lat="53.43248" lon="-7.78436">
    <name>TP1052</name>
  </trkpt>
  <trkpt lat="53.43249" lon="-7.78437">
    <name>TP1053</name>
  </trkpt>
  <trkpt lat="53.43251" lon="-7.78443">
    <name>TP1054</name>
  </trkpt>
  <trkpt lat="53.43259" lon="-7.78459">
    <name>TP1055</name>
  </trkpt>
  <trkpt lat="53.4326" lon="-7.78461">
    <name>TP1056</name>
  </trkpt>
  <trkpt lat="53.43269" lon="-7.78482">
    <name>TP1057</name>
  </trkpt>
  <trkpt lat="53.4327" lon="-7.78484">
    <name>TP1058</name>
  </trkpt>
  <trkpt lat="53.4328" lon="-7.78505">
    <name>TP1059</name>
  </trkpt>
  <trkpt lat="53.43281" lon="-7.78507">
    <name>TP1060</name>
  </trkpt>
  <trkpt lat="53.43284" lon="-7.78514">
    <name>TP1061</name>
  </trkpt>
  <trkpt lat="53.43285" lon="-7.78516">
    <name>TP1062</name>
  </trkpt>
  <trkpt lat="53.43306" lon="-7.78556">
    <name>TP1063</name>
  </trkpt>
  <trkpt lat="53.43327" lon="-7.786">
    <name>TP1064</name>
  </trkpt>
  <trkpt lat="53.4334" lon="-7.78625">
    <name>TP1065</name>
  </trkpt>
  <trkpt lat="53.43376" lon="-7.78698">
    <name>TP1066</name>
  </trkpt>
  <trkpt lat="53.43406" lon="-7.7876">
    <name>TP1067</name>
  </trkpt>
  <trkpt lat="53.43426" lon="-7.78803">
    <name>TP1068</name>
  </trkpt>
  <trkpt lat="53.43434" lon="-7.78819">
    <name>TP1069</name>
  </trkpt>
  <trkpt lat="53.43468" lon="-7.78889">
    <name>TP1070</name>
  </trkpt>
  <trkpt lat="53.43491" lon="-7.78935">
    <name>TP1071</name>
  </trkpt>
  <trkpt lat="53.43498" lon="-7.7895">
    <name>TP1072</name>
  </trkpt>
  <trkpt lat="53.4351" lon="-7.78975">
    <name>TP1073</name>
  </trkpt>
  <trkpt lat="53.43518" lon="-7.7899">
    <name>TP1074</name>
  </trkpt>
  <trkpt lat="53.43542" lon="-7.79039">
    <name>TP1075</name>
  </trkpt>
  <trkpt lat="53.43563" lon="-7.79083">
    <name>TP1076</name>
  </trkpt>
  <trkpt lat="53.43576" lon="-7.79115">
    <name>TP1077</name>
  </trkpt>
  <trkpt lat="53.43591" lon="-7.79154">
    <name>TP1078</name>
  </trkpt>
  <trkpt lat="53.43607" lon="-7.79191">
    <name>TP1079</name>
  </trkpt>
  <trkpt lat="53.4361" lon="-7.79199">
    <name>TP1080</name>
  </trkpt>
  <trkpt lat="53.4361" lon="-7.792">
    <name>TP1081</name>
  </trkpt>
  <trkpt lat="53.43614" lon="-7.79209">
    <name>TP1082</name>
  </trkpt>
  <trkpt lat="53.4362" lon="-7.79222">
    <name>TP1083</name>
  </trkpt>
  <trkpt lat="53.43634" lon="-7.7925">
    <name>TP1084</name>
  </trkpt>
  <trkpt lat="53.43644" lon="-7.79268">
    <name>TP1085</name>
  </trkpt>
  <trkpt lat="53.43657" lon="-7.79289">
    <name>TP1086</name>
  </trkpt>
  <trkpt lat="53.43665" lon="-7.793">
    <name>TP1087</name>
  </trkpt>
  <trkpt lat="53.43668" lon="-7.79306">
    <name>TP1088</name>
  </trkpt>
  <trkpt lat="53.4368" lon="-7.79323">
    <name>TP1089</name>
  </trkpt>
  <trkpt lat="53.43684" lon="-7.79329">
    <name>TP1090</name>
  </trkpt>
  <trkpt lat="53.43685" lon="-7.7933">
    <name>TP1091</name>
  </trkpt>
  <trkpt lat="53.4369" lon="-7.79339">
    <name>TP1092</name>
  </trkpt>
  <trkpt lat="53.43694" lon="-7.79348">
    <name>TP1093</name>
  </trkpt>
  <trkpt lat="53.43699" lon="-7.79362">
    <name>TP1094</name>
  </trkpt>
  <trkpt lat="53.43705" lon="-7.79386">
    <name>TP1095</name>
  </trkpt>
  <trkpt lat="53.43707" lon="-7.79397">
    <name>TP1096</name>
  </trkpt>
  <trkpt lat="53.43709" lon="-7.79408">
    <name>TP1097</name>
  </trkpt>
  <trkpt lat="53.43713" lon="-7.7942">
    <name>TP1098</name>
  </trkpt>
  <trkpt lat="53.43716" lon="-7.7943">
    <name>TP1099</name>
  </trkpt>
  <trkpt lat="53.43717" lon="-7.79435">
    <name>TP1100</name>
  </trkpt>
  <trkpt lat="53.43718" lon="-7.79436">
    <name>TP1101</name>
  </trkpt>
  <trkpt lat="53.43719" lon="-7.79441">
    <name>TP1102</name>
  </trkpt>
  <trkpt lat="53.43723" lon="-7.79451">
    <name>TP1103</name>
  </trkpt>
  <trkpt lat="53.43728" lon="-7.79461">
    <name>TP1104</name>
  </trkpt>
  <trkpt lat="53.43734" lon="-7.79473">
    <name>TP1105</name>
  </trkpt>
  <trkpt lat="53.43737" lon="-7.79477">
    <name>TP1106</name>
  </trkpt>
  <trkpt lat="53.43742" lon="-7.79484">
    <name>TP1107</name>
  </trkpt>
  <trkpt lat="53.43747" lon="-7.7949">
    <name>TP1108</name>
  </trkpt>
  <trkpt lat="53.43751" lon="-7.79494">
    <name>TP1109</name>
  </trkpt>
  <trkpt lat="53.43755" lon="-7.79497">
    <name>TP1110</name>
  </trkpt>
  <trkpt lat="53.43762" lon="-7.79503">
    <name>TP1111</name>
  </trkpt>
  <trkpt lat="53.43766" lon="-7.79505">
    <name>TP1112</name>
  </trkpt>
  <trkpt lat="53.43771" lon="-7.79508">
    <name>TP1113</name>
  </trkpt>
  <trkpt lat="53.43772" lon="-7.79509">
    <name>TP1114</name>
  </trkpt>
  <trkpt lat="53.43776" lon="-7.79511">
    <name>TP1115</name>
  </trkpt>
  <trkpt lat="53.43782" lon="-7.79514">
    <name>TP1116</name>
  </trkpt>
  <trkpt lat="53.43789" lon="-7.79517">
    <name>TP1117</name>
  </trkpt>
  <trkpt lat="53.4379" lon="-7.79518">
    <name>TP1118</name>
  </trkpt>
  <trkpt lat="53.43794" lon="-7.79519">
    <name>TP1119</name>
  </trkpt>
  <trkpt lat="53.43805" lon="-7.79522">
    <name>TP1120</name>
  </trkpt>
  <trkpt lat="53.43811" lon="-7.79523">
    <name>TP1121</name>
  </trkpt>
  <trkpt lat="53.43817" lon="-7.79524">
    <name>TP1122</name>
  </trkpt>
  <trkpt lat="53.43829" lon="-7.79525">
    <name>TP1123</name>
  </trkpt>
  <trkpt lat="53.43845" lon="-7.79528">
    <name>TP1124</name>
  </trkpt>
  <trkpt lat="53.43854" lon="-7.79529">
    <name>TP1125</name>
  </trkpt>
  <trkpt lat="53.43861" lon="-7.79529">
    <name>TP1126</name>
  </trkpt>
  <trkpt lat="53.43869" lon="-7.7953">
    <name>TP1127</name>
  </trkpt>
  <trkpt lat="53.43877" lon="-7.79531">
    <name>TP1128</name>
  </trkpt>
  <trkpt lat="53.4388" lon="-7.79532">
    <name>TP1129</name>
  </trkpt>
  <trkpt lat="53.43883" lon="-7.79534">
    <name>TP1130</name>
  </trkpt>
  <trkpt lat="53.4389" lon="-7.79536">
    <name>TP1131</name>
  </trkpt>
  <trkpt lat="53.43897" lon="-7.79541">
    <name>TP1132</name>
  </trkpt>
  <trkpt lat="53.43904" lon="-7.79545">
    <name>TP1133</name>
  </trkpt>
  <trkpt lat="53.43911" lon="-7.79551">
    <name>TP1134</name>
  </trkpt>
  <trkpt lat="53.43912" lon="-7.79552">
    <name>TP1135</name>
  </trkpt>
  <trkpt lat="53.43913" lon="-7.79553">
    <name>TP1136</name>
  </trkpt>
  <trkpt lat="53.43917" lon="-7.79556">
    <name>TP1137</name>
  </trkpt>
  <trkpt lat="53.43924" lon="-7.79562">
    <name>TP1138</name>
  </trkpt>
  <trkpt lat="53.43928" lon="-7.79566">
    <name>TP1139</name>
  </trkpt>
  <trkpt lat="53.4393" lon="-7.79568">
    <name>TP1140</name>
  </trkpt>
  <trkpt lat="53.43936" lon="-7.79574">
    <name>TP1141</name>
  </trkpt>
  <trkpt lat="53.43942" lon="-7.79578">
    <name>TP1142</name>
  </trkpt>
  <trkpt lat="53.43946" lon="-7.79581">
    <name>TP1143</name>
  </trkpt>
  <trkpt lat="53.4395" lon="-7.79583">
    <name>TP1144</name>
  </trkpt>
  <trkpt lat="53.43955" lon="-7.79586">
    <name>TP1145</name>
  </trkpt>
  <trkpt lat="53.43965" lon="-7.79591">
    <name>TP1146</name>
  </trkpt>
  <trkpt lat="53.43974" lon="-7.79594">
    <name>TP1147</name>
  </trkpt>
  <trkpt lat="53.43981" lon="-7.79595">
    <name>TP1148</name>
  </trkpt>
  <trkpt lat="53.44002" lon="-7.79598">
    <name>TP1149</name>
  </trkpt>
  <trkpt lat="53.44012" lon="-7.79599">
    <name>TP1150</name>
  </trkpt>
  <trkpt lat="53.44025" lon="-7.79601">
    <name>TP1151</name>
  </trkpt>
  <trkpt lat="53.44032" lon="-7.79603">
    <name>TP1152</name>
  </trkpt>
  <trkpt lat="53.44038" lon="-7.79605">
    <name>TP1153</name>
  </trkpt>
  <trkpt lat="53.44049" lon="-7.79608">
    <name>TP1154</name>
  </trkpt>
  <trkpt lat="53.4405" lon="-7.79608">
    <name>TP1155</name>
  </trkpt>
  <trkpt lat="53.44051" lon="-7.79609">
    <name>TP1156</name>
  </trkpt>
  <trkpt lat="53.44071" lon="-7.79618">
    <name>TP1157</name>
  </trkpt>
  <trkpt lat="53.44087" lon="-7.79625">
    <name>TP1158</name>
  </trkpt>
  <trkpt lat="53.44105" lon="-7.79632">
    <name>TP1159</name>
  </trkpt>
  <trkpt lat="53.44136" lon="-7.79641">
    <name>TP1160</name>
  </trkpt>
  <trkpt lat="53.44137" lon="-7.79641">
    <name>TP1161</name>
  </trkpt>
  <trkpt lat="53.44139" lon="-7.79642">
    <name>TP1162</name>
  </trkpt>
  <trkpt lat="53.44153" lon="-7.79645">
    <name>TP1163</name>
  </trkpt>
  <trkpt lat="53.44155" lon="-7.79646">
    <name>TP1164</name>
  </trkpt>
  <trkpt lat="53.44172" lon="-7.79652">
    <name>TP1165</name>
  </trkpt>
  <trkpt lat="53.44177" lon="-7.79653">
    <name>TP1166</name>
  </trkpt>
  <trkpt lat="53.44194" lon="-7.79658">
    <name>TP1167</name>
  </trkpt>
  <trkpt lat="53.4421" lon="-7.79664">
    <name>TP1168</name>
  </trkpt>
  <trkpt lat="53.44217" lon="-7.79667">
    <name>TP1169</name>
  </trkpt>
  <trkpt lat="53.44225" lon="-7.79671">
    <name>TP1170</name>
  </trkpt>
  <trkpt lat="53.44227" lon="-7.79672">
    <name>TP1171</name>
  </trkpt>
  <trkpt lat="53.44232" lon="-7.79675">
    <name>TP1172</name>
  </trkpt>
  <trkpt lat="53.4424" lon="-7.79679">
    <name>TP1173</name>
  </trkpt>
  <trkpt lat="53.44247" lon="-7.79684">
    <name>TP1174</name>
  </trkpt>
  <trkpt lat="53.44254" lon="-7.7969">
    <name>TP1175</name>
  </trkpt>
  <trkpt lat="53.44261" lon="-7.79696">
    <name>TP1176</name>
  </trkpt>
  <trkpt lat="53.44268" lon="-7.79704">
    <name>TP1177</name>
  </trkpt>
  <trkpt lat="53.44275" lon="-7.79711">
    <name>TP1178</name>
  </trkpt>
  <trkpt lat="53.44282" lon="-7.79719">
    <name>TP1179</name>
  </trkpt>
  <trkpt lat="53.44288" lon="-7.79727">
    <name>TP1180</name>
  </trkpt>
  <trkpt lat="53.4429" lon="-7.79729">
    <name>TP1181</name>
  </trkpt>
  <trkpt lat="53.44295" lon="-7.79736">
    <name>TP1182</name>
  </trkpt>
  <trkpt lat="53.44302" lon="-7.79745">
    <name>TP1183</name>
  </trkpt>
  <trkpt lat="53.44308" lon="-7.79752">
    <name>TP1184</name>
  </trkpt>
  <trkpt lat="53.44317" lon="-7.79762">
    <name>TP1185</name>
  </trkpt>
  <trkpt lat="53.44321" lon="-7.79767">
    <name>TP1186</name>
  </trkpt>
  <trkpt lat="53.44329" lon="-7.79775">
    <name>TP1187</name>
  </trkpt>
  <trkpt lat="53.44336" lon="-7.79781">
    <name>TP1188</name>
  </trkpt>
  <trkpt lat="53.44342" lon="-7.79787">
    <name>TP1189</name>
  </trkpt>
  <trkpt lat="53.4435" lon="-7.79793">
    <name>TP1190</name>
  </trkpt>
  <trkpt lat="53.44366" lon="-7.79806">
    <name>TP1191</name>
  </trkpt>
  <trkpt lat="53.44378" lon="-7.79816">
    <name>TP1192</name>
  </trkpt>
  <trkpt lat="53.44384" lon="-7.7982">
    <name>TP1193</name>
  </trkpt>
  <trkpt lat="53.44396" lon="-7.79829">
    <name>TP1194</name>
  </trkpt>
  <trkpt lat="53.4441" lon="-7.79839">
    <name>TP1195</name>
  </trkpt>
  <trkpt lat="53.4442" lon="-7.79846">
    <name>TP1196</name>
  </trkpt>
  <trkpt lat="53.4443" lon="-7.79851">
    <name>TP1197</name>
  </trkpt>
  <trkpt lat="53.44436" lon="-7.79854">
    <name>TP1198</name>
  </trkpt>
  <trkpt lat="53.44444" lon="-7.79857">
    <name>TP1199</name>
  </trkpt>
  <trkpt lat="53.44451" lon="-7.7986">
    <name>TP1200</name>
  </trkpt>
  <trkpt lat="53.44454" lon="-7.79861">
    <name>TP1201</name>
  </trkpt>
  <trkpt lat="53.44458" lon="-7.79863">
    <name>TP1202</name>
  </trkpt>
  <trkpt lat="53.44465" lon="-7.79864">
    <name>TP1203</name>
  </trkpt>
  <trkpt lat="53.4447" lon="-7.79865">
    <name>TP1204</name>
  </trkpt>
  <trkpt lat="53.44475" lon="-7.79866">
    <name>TP1205</name>
  </trkpt>
  <trkpt lat="53.44486" lon="-7.79867">
    <name>TP1206</name>
  </trkpt>
  <trkpt lat="53.44503" lon="-7.79868">
    <name>TP1207</name>
  </trkpt>
  <trkpt lat="53.44508" lon="-7.79869">
    <name>TP1208</name>
  </trkpt>
  <trkpt lat="53.44517" lon="-7.79869">
    <name>TP1209</name>
  </trkpt>
  <trkpt lat="53.4453" lon="-7.79869">
    <name>TP1210</name>
  </trkpt>
  <trkpt lat="53.44556" lon="-7.7987">
    <name>TP1211</name>
  </trkpt>
  <trkpt lat="53.44577" lon="-7.79871">
    <name>TP1212</name>
  </trkpt>
  <trkpt lat="53.44578" lon="-7.79872">
    <name>TP1213</name>
  </trkpt>
  <trkpt lat="53.44608" lon="-7.79873">
    <name>TP1214</name>
  </trkpt>
  <trkpt lat="53.44622" lon="-7.79874">
    <name>TP1215</name>
  </trkpt>
  <trkpt lat="53.44627" lon="-7.79874">
    <name>TP1216</name>
  </trkpt>
  <trkpt lat="53.44639" lon="-7.79875">
    <name>TP1217</name>
  </trkpt>
  <trkpt lat="53.44653" lon="-7.79875">
    <name>TP1218</name>
  </trkpt>
  <trkpt lat="53.44667" lon="-7.79876">
    <name>TP1219</name>
  </trkpt>
  <trkpt lat="53.44668" lon="-7.79876">
    <name>TP1220</name>
  </trkpt>
  <trkpt lat="53.44677" lon="-7.79877">
    <name>TP1221</name>
  </trkpt>
  <trkpt lat="53.44684" lon="-7.79878">
    <name>TP1222</name>
  </trkpt>
  <trkpt lat="53.44689" lon="-7.79879">
    <name>TP1223</name>
  </trkpt>
  <trkpt lat="53.44693" lon="-7.79879">
    <name>TP1224</name>
  </trkpt>
  <trkpt lat="53.44697" lon="-7.7988">
    <name>TP1225</name>
  </trkpt>
  <trkpt lat="53.44701" lon="-7.79881">
    <name>TP1226</name>
  </trkpt>
  <trkpt lat="53.44707" lon="-7.79884">
    <name>TP1227</name>
  </trkpt>
  <trkpt lat="53.44714" lon="-7.79888">
    <name>TP1228</name>
  </trkpt>
  <trkpt lat="53.44723" lon="-7.79892">
    <name>TP1229</name>
  </trkpt>
  <trkpt lat="53.44729" lon="-7.79897">
    <name>TP1230</name>
  </trkpt>
  <trkpt lat="53.44737" lon="-7.79902">
    <name>TP1231</name>
  </trkpt>
  <trkpt lat="53.44739" lon="-7.79905">
    <name>TP1232</name>
  </trkpt>
  <trkpt lat="53.44742" lon="-7.79907">
    <name>TP1233</name>
  </trkpt>
  <trkpt lat="53.44747" lon="-7.79913">
    <name>TP1234</name>
  </trkpt>
  <trkpt lat="53.44756" lon="-7.79924">
    <name>TP1235</name>
  </trkpt>
  <trkpt lat="53.44761" lon="-7.7993">
    <name>TP1236</name>
  </trkpt>
  <trkpt lat="53.44768" lon="-7.79941">
    <name>TP1237</name>
  </trkpt>
  <trkpt lat="53.44778" lon="-7.79953">
    <name>TP1238</name>
  </trkpt>
  <trkpt lat="53.44779" lon="-7.79955">
    <name>TP1239</name>
  </trkpt>
  <trkpt lat="53.44791" lon="-7.79969">
    <name>TP1240</name>
  </trkpt>
  <trkpt lat="53.44799" lon="-7.79977">
    <name>TP1241</name>
  </trkpt>
  <trkpt lat="53.44807" lon="-7.79985">
    <name>TP1242</name>
  </trkpt>
  <trkpt lat="53.44816" lon="-7.79993">
    <name>TP1243</name>
  </trkpt>
  <trkpt lat="53.44829" lon="-7.80004">
    <name>TP1244</name>
  </trkpt>
  <trkpt lat="53.44837" lon="-7.80011">
    <name>TP1245</name>
  </trkpt>
  <trkpt lat="53.44845" lon="-7.80017">
    <name>TP1246</name>
  </trkpt>
  <trkpt lat="53.44853" lon="-7.80023">
    <name>TP1247</name>
  </trkpt>
  <trkpt lat="53.44867" lon="-7.80033">
    <name>TP1248</name>
  </trkpt>
  <trkpt lat="53.44868" lon="-7.80034">
    <name>TP1249</name>
  </trkpt>
  <trkpt lat="53.44879" lon="-7.80042">
    <name>TP1250</name>
  </trkpt>
  <trkpt lat="53.44883" lon="-7.80044">
    <name>TP1251</name>
  </trkpt>
  <trkpt lat="53.44891" lon="-7.8005">
    <name>TP1252</name>
  </trkpt>
  <trkpt lat="53.44905" lon="-7.8006">
    <name>TP1253</name>
  </trkpt>
  <trkpt lat="53.44916" lon="-7.80067">
    <name>TP1254</name>
  </trkpt>
  <trkpt lat="53.44924" lon="-7.80072">
    <name>TP1255</name>
  </trkpt>
  <trkpt lat="53.44936" lon="-7.80078">
    <name>TP1256</name>
  </trkpt>
  <trkpt lat="53.44948" lon="-7.80085">
    <name>TP1257</name>
  </trkpt>
  <trkpt lat="53.44964" lon="-7.80093">
    <name>TP1258</name>
  </trkpt>
  <trkpt lat="53.44967" lon="-7.80095">
    <name>TP1259</name>
  </trkpt>
  <trkpt lat="53.44969" lon="-7.80096">
    <name>TP1260</name>
  </trkpt>
  <trkpt lat="53.44978" lon="-7.80101">
    <name>TP1261</name>
  </trkpt>
  <trkpt lat="53.44984" lon="-7.80105">
    <name>TP1262</name>
  </trkpt>
  <trkpt lat="53.44985" lon="-7.80105">
    <name>TP1263</name>
  </trkpt>
  <trkpt lat="53.44986" lon="-7.80106">
    <name>TP1264</name>
  </trkpt>
  <trkpt lat="53.44992" lon="-7.8011">
    <name>TP1265</name>
  </trkpt>
  <trkpt lat="53.44999" lon="-7.80114">
    <name>TP1266</name>
  </trkpt>
  <trkpt lat="53.45004" lon="-7.80119">
    <name>TP1267</name>
  </trkpt>
  <trkpt lat="53.4501" lon="-7.80123">
    <name>TP1268</name>
  </trkpt>
  <trkpt lat="53.45019" lon="-7.80131">
    <name>TP1269</name>
  </trkpt>
  <trkpt lat="53.45021" lon="-7.80133">
    <name>TP1270</name>
  </trkpt>
  <trkpt lat="53.45031" lon="-7.80143">
    <name>TP1271</name>
  </trkpt>
  <trkpt lat="53.45041" lon="-7.80154">
    <name>TP1272</name>
  </trkpt>
  <trkpt lat="53.45054" lon="-7.80169">
    <name>TP1273</name>
  </trkpt>
  <trkpt lat="53.45066" lon="-7.80181">
    <name>TP1274</name>
  </trkpt>
  <trkpt lat="53.45068" lon="-7.80183">
    <name>TP1275</name>
  </trkpt>
  <trkpt lat="53.45081" lon="-7.80196">
    <name>TP1276</name>
  </trkpt>
  <trkpt lat="53.45095" lon="-7.80212">
    <name>TP1277</name>
  </trkpt>
  <trkpt lat="53.45109" lon="-7.80227">
    <name>TP1278</name>
  </trkpt>
  <trkpt lat="53.45117" lon="-7.80236">
    <name>TP1279</name>
  </trkpt>
  <trkpt lat="53.4512" lon="-7.80239">
    <name>TP1280</name>
  </trkpt>
  <trkpt lat="53.45131" lon="-7.8025">
    <name>TP1281</name>
  </trkpt>
  <trkpt lat="53.45153" lon="-7.80271">
    <name>TP1282</name>
  </trkpt>
  <trkpt lat="53.45174" lon="-7.80294">
    <name>TP1283</name>
  </trkpt>
  <trkpt lat="53.45199" lon="-7.80319">
    <name>TP1284</name>
  </trkpt>
  <trkpt lat="53.45233" lon="-7.80354">
    <name>TP1285</name>
  </trkpt>
  <trkpt lat="53.45236" lon="-7.80356">
    <name>TP1286</name>
  </trkpt>
  <trkpt lat="53.45237" lon="-7.80358">
    <name>TP1287</name>
  </trkpt>
  <trkpt lat="53.45264" lon="-7.80386">
    <name>TP1288</name>
  </trkpt>
  <trkpt lat="53.45293" lon="-7.80415">
    <name>TP1289</name>
  </trkpt>
  <trkpt lat="53.45336" lon="-7.80462">
    <name>TP1290</name>
  </trkpt>
  <trkpt lat="53.45371" lon="-7.80499">
    <name>TP1291</name>
  </trkpt>
  <trkpt lat="53.45432" lon="-7.80565">
    <name>TP1292</name>
  </trkpt>
  <trkpt lat="53.45434" lon="-7.80566">
    <name>TP1293</name>
  </trkpt>
  <trkpt lat="53.45449" lon="-7.80582">
    <name>TP1294</name>
  </trkpt>
  <trkpt lat="53.45477" lon="-7.80612">
    <name>TP1295</name>
  </trkpt>
  <trkpt lat="53.45507" lon="-7.80643">
    <name>TP1296</name>
  </trkpt>
  <trkpt lat="53.45535" lon="-7.80673">
    <name>TP1297</name>
  </trkpt>
  <trkpt lat="53.45555" lon="-7.80695">
    <name>TP1298</name>
  </trkpt>
  <trkpt lat="53.45562" lon="-7.80702">
    <name>TP1299</name>
  </trkpt>
  <trkpt lat="53.45582" lon="-7.80723">
    <name>TP1300</name>
  </trkpt>
  <trkpt lat="53.45618" lon="-7.80759">
    <name>TP1301</name>
  </trkpt>
  <trkpt lat="53.45635" lon="-7.80776">
    <name>TP1302</name>
  </trkpt>
  <trkpt lat="53.45654" lon="-7.80795">
    <name>TP1303</name>
  </trkpt>
  <trkpt lat="53.45666" lon="-7.80808">
    <name>TP1304</name>
  </trkpt>
  <trkpt lat="53.45673" lon="-7.80819">
    <name>TP1305</name>
  </trkpt>
  <trkpt lat="53.45678" lon="-7.80828">
    <name>TP1306</name>
  </trkpt>
  <trkpt lat="53.45688" lon="-7.80845">
    <name>TP1307</name>
  </trkpt>
  <trkpt lat="53.45709" lon="-7.80885">
    <name>TP1308</name>
  </trkpt>
  <trkpt lat="53.45719" lon="-7.80899">
    <name>TP1309</name>
  </trkpt>
  <trkpt lat="53.4573" lon="-7.80917">
    <name>TP1310</name>
  </trkpt>
  <trkpt lat="53.45747" lon="-7.80941">
    <name>TP1311</name>
  </trkpt>
  <trkpt lat="53.45755" lon="-7.80951">
    <name>TP1312</name>
  </trkpt>
  <trkpt lat="53.45756" lon="-7.80954">
    <name>TP1313</name>
  </trkpt>
  <trkpt lat="53.45757" lon="-7.80955">
    <name>TP1314</name>
  </trkpt>
  <trkpt lat="53.45761" lon="-7.8096">
    <name>TP1315</name>
  </trkpt>
  <trkpt lat="53.45766" lon="-7.80968">
    <name>TP1316</name>
  </trkpt>
  <trkpt lat="53.45771" lon="-7.80977">
    <name>TP1317</name>
  </trkpt>
  <trkpt lat="53.45775" lon="-7.80987">
    <name>TP1318</name>
  </trkpt>
  <trkpt lat="53.45779" lon="-7.80997">
    <name>TP1319</name>
  </trkpt>
  <trkpt lat="53.45781" lon="-7.81">
    <name>TP1320</name>
  </trkpt>
  <trkpt lat="53.45783" lon="-7.81007">
    <name>TP1321</name>
  </trkpt>
  <trkpt lat="53.45785" lon="-7.81013">
    <name>TP1322</name>
  </trkpt>
  <trkpt lat="53.45786" lon="-7.81018">
    <name>TP1323</name>
  </trkpt>
  <trkpt lat="53.45788" lon="-7.81026">
    <name>TP1324</name>
  </trkpt>
  <trkpt lat="53.45788" lon="-7.81028">
    <name>TP1325</name>
  </trkpt>
  <trkpt lat="53.4579" lon="-7.81036">
    <name>TP1326</name>
  </trkpt>
  <trkpt lat="53.45793" lon="-7.81051">
    <name>TP1327</name>
  </trkpt>
  <trkpt lat="53.45794" lon="-7.81054">
    <name>TP1328</name>
  </trkpt>
  <trkpt lat="53.45796" lon="-7.81064">
    <name>TP1329</name>
  </trkpt>
  <trkpt lat="53.458" lon="-7.81075">
    <name>TP1330</name>
  </trkpt>
  <trkpt lat="53.458" lon="-7.81078">
    <name>TP1331</name>
  </trkpt>
  <trkpt lat="53.45802" lon="-7.81083">
    <name>TP1332</name>
  </trkpt>
  <trkpt lat="53.45806" lon="-7.81094">
    <name>TP1333</name>
  </trkpt>
  <trkpt lat="53.45809" lon="-7.81101">
    <name>TP1334</name>
  </trkpt>
  <trkpt lat="53.45811" lon="-7.81105">
    <name>TP1335</name>
  </trkpt>
  <trkpt lat="53.45814" lon="-7.81111">
    <name>TP1336</name>
  </trkpt>
  <trkpt lat="53.45818" lon="-7.81119">
    <name>TP1337</name>
  </trkpt>
  <trkpt lat="53.45824" lon="-7.81128">
    <name>TP1338</name>
  </trkpt>
  <trkpt lat="53.45836" lon="-7.81145">
    <name>TP1339</name>
  </trkpt>
  <trkpt lat="53.45863" lon="-7.81183">
    <name>TP1340</name>
  </trkpt>
  <trkpt lat="53.45877" lon="-7.81203">
    <name>TP1341</name>
  </trkpt>
  <trkpt lat="53.45883" lon="-7.81211">
    <name>TP1342</name>
  </trkpt>
  <trkpt lat="53.45891" lon="-7.81223">
    <name>TP1343</name>
  </trkpt>
  <trkpt lat="53.459" lon="-7.81236">
    <name>TP1344</name>
  </trkpt>
  <trkpt lat="53.45907" lon="-7.81245">
    <name>TP1345</name>
  </trkpt>
  <trkpt lat="53.45919" lon="-7.81262">
    <name>TP1346</name>
  </trkpt>
  <trkpt lat="53.45921" lon="-7.81265">
    <name>TP1347</name>
  </trkpt>
  <trkpt lat="53.45937" lon="-7.81287">
    <name>TP1348</name>
  </trkpt>
  <trkpt lat="53.45948" lon="-7.81303">
    <name>TP1349</name>
  </trkpt>
  <trkpt lat="53.45962" lon="-7.81322">
    <name>TP1350</name>
  </trkpt>
  <trkpt lat="53.45969" lon="-7.81331">
    <name>TP1351</name>
  </trkpt>
  <trkpt lat="53.45988" lon="-7.81356">
    <name>TP1352</name>
  </trkpt>
  <trkpt lat="53.45998" lon="-7.81369">
    <name>TP1353</name>
  </trkpt>
  <trkpt lat="53.4601" lon="-7.81385">
    <name>TP1354</name>
  </trkpt>
  <trkpt lat="53.46015" lon="-7.8139">
    <name>TP1355</name>
  </trkpt>
  <trkpt lat="53.46021" lon="-7.81399">
    <name>TP1356</name>
  </trkpt>
  <trkpt lat="53.46028" lon="-7.8141">
    <name>TP1357</name>
  </trkpt>
  <trkpt lat="53.46035" lon="-7.81421">
    <name>TP1358</name>
  </trkpt>
  <trkpt lat="53.46042" lon="-7.81433">
    <name>TP1359</name>
  </trkpt>
  <trkpt lat="53.46056" lon="-7.81463">
    <name>TP1360</name>
  </trkpt>
  <trkpt lat="53.4605625" lon="-7.8146279">
    <name>TP1361</name>
  </trkpt>
  <trkpt lat="53.4605625" lon="-7.8146279">
    <name>TP1362</name>
  </trkpt>
  <trkpt lat="53.46067" lon="-7.81486">
    <name>TP1363</name>
  </trkpt>
  <trkpt lat="53.46075" lon="-7.81506">
    <name>TP1364</name>
  </trkpt>
  <trkpt lat="53.46084" lon="-7.81527">
    <name>TP1365</name>
  </trkpt>
  <trkpt lat="53.4609" lon="-7.81538">
    <name>TP1366</name>
  </trkpt>
  <trkpt lat="53.46094" lon="-7.81546">
    <name>TP1367</name>
  </trkpt>
  <trkpt lat="53.46101" lon="-7.81556">
    <name>TP1368</name>
  </trkpt>
  <trkpt lat="53.46114" lon="-7.81571">
    <name>TP1369</name>
  </trkpt>
  <trkpt lat="53.4611359" lon="-7.8157132">
    <name>TP1370</name>
  </trkpt>
  <trkpt lat="53.46063" lon="-7.81745">
    <name>TP1371</name>
  </trkpt>
  <trkpt lat="53.46044" lon="-7.81811">
    <name>TP1372</name>
  </trkpt>
  <trkpt lat="53.46025" lon="-7.81878">
    <name>TP1373</name>
  </trkpt>
  <trkpt lat="53.46019" lon="-7.81897">
    <name>TP1374</name>
  </trkpt>
  <trkpt lat="53.46011" lon="-7.81924">
    <name>TP1375</name>
  </trkpt>
  <trkpt lat="53.46003" lon="-7.81951">
    <name>TP1376</name>
  </trkpt>
  <trkpt lat="53.45995" lon="-7.81978">
    <name>TP1377</name>
  </trkpt>
  <trkpt lat="53.4599" lon="-7.81992">
    <name>TP1378</name>
  </trkpt>
  <trkpt lat="53.45986" lon="-7.82005">
    <name>TP1379</name>
  </trkpt>
  <trkpt lat="53.45969" lon="-7.82058">
    <name>TP1380</name>
  </trkpt>
  <trkpt lat="53.45955" lon="-7.82101">
    <name>TP1381</name>
  </trkpt>
  <trkpt lat="53.45952" lon="-7.82111">
    <name>TP1382</name>
  </trkpt>
  <trkpt lat="53.45939" lon="-7.82151">
    <name>TP1383</name>
  </trkpt>
  <trkpt lat="53.45914" lon="-7.82228">
    <name>TP1384</name>
  </trkpt>
  <trkpt lat="53.45903" lon="-7.82259">
    <name>TP1385</name>
  </trkpt>
  <trkpt lat="53.45884" lon="-7.82315">
    <name>TP1386</name>
  </trkpt>
  <trkpt lat="53.4587" lon="-7.82354">
    <name>TP1387</name>
  </trkpt>
  <trkpt lat="53.45863" lon="-7.82373">
    <name>TP1388</name>
  </trkpt>
  <trkpt lat="53.45853" lon="-7.82399">
    <name>TP1389</name>
  </trkpt>
  <trkpt lat="53.45848" lon="-7.82414">
    <name>TP1390</name>
  </trkpt>
  <trkpt lat="53.45843" lon="-7.82424">
    <name>TP1391</name>
  </trkpt>
  <trkpt lat="53.45836" lon="-7.82443">
    <name>TP1392</name>
  </trkpt>
  <trkpt lat="53.45819" lon="-7.8248">
    <name>TP1393</name>
  </trkpt>
  <trkpt lat="53.45812" lon="-7.82497">
    <name>TP1394</name>
  </trkpt>
  <trkpt lat="53.45791" lon="-7.82546">
    <name>TP1395</name>
  </trkpt>
  <trkpt lat="53.4577" lon="-7.82596">
    <name>TP1396</name>
  </trkpt>
  <trkpt lat="53.4576" lon="-7.82621">
    <name>TP1397</name>
  </trkpt>
  <trkpt lat="53.45749" lon="-7.82645">
    <name>TP1398</name>
  </trkpt>
  <trkpt lat="53.45725" lon="-7.82702">
    <name>TP1399</name>
  </trkpt>
  <trkpt lat="53.4571" lon="-7.82746">
    <name>TP1400</name>
  </trkpt>
  <trkpt lat="53.45674" lon="-7.82851">
    <name>TP1401</name>
  </trkpt>
  <trkpt lat="53.45673" lon="-7.82854">
    <name>TP1402</name>
  </trkpt>
  <trkpt lat="53.45611" lon="-7.83035">
    <name>TP1403</name>
  </trkpt>
  <trkpt lat="53.45586" lon="-7.83106">
    <name>TP1404</name>
  </trkpt>
  <trkpt lat="53.45566" lon="-7.83165">
    <name>TP1405</name>
  </trkpt>
  <trkpt lat="53.45558" lon="-7.8319">
    <name>TP1406</name>
  </trkpt>
  <trkpt lat="53.45557" lon="-7.83192">
    <name>TP1407</name>
  </trkpt>
  <trkpt lat="53.4554" lon="-7.83245">
    <name>TP1408</name>
  </trkpt>
  <trkpt lat="53.45531" lon="-7.83272">
    <name>TP1409</name>
  </trkpt>
  <trkpt lat="53.45514" lon="-7.83322">
    <name>TP1410</name>
  </trkpt>
  <trkpt lat="53.4549" lon="-7.83406">
    <name>TP1411</name>
  </trkpt>
  <trkpt lat="53.45477" lon="-7.83453">
    <name>TP1412</name>
  </trkpt>
  <trkpt lat="53.45474" lon="-7.8346">
    <name>TP1413</name>
  </trkpt>
  <trkpt lat="53.45465" lon="-7.83487">
    <name>TP1414</name>
  </trkpt>
  <trkpt lat="53.45457" lon="-7.83513">
    <name>TP1415</name>
  </trkpt>
  <trkpt lat="53.45438" lon="-7.83568">
    <name>TP1416</name>
  </trkpt>
  <trkpt lat="53.45412" lon="-7.83635">
    <name>TP1417</name>
  </trkpt>
  <trkpt lat="53.45409" lon="-7.83643">
    <name>TP1418</name>
  </trkpt>
  <trkpt lat="53.45355" lon="-7.83755">
    <name>TP1419</name>
  </trkpt>
  <trkpt lat="53.45339" lon="-7.83788">
    <name>TP1420</name>
  </trkpt>
  <trkpt lat="53.45302" lon="-7.83858">
    <name>TP1421</name>
  </trkpt>
  <trkpt lat="53.45271" lon="-7.83913">
    <name>TP1422</name>
  </trkpt>
  <trkpt lat="53.45223" lon="-7.83997">
    <name>TP1423</name>
  </trkpt>
  <trkpt lat="53.45193" lon="-7.84049">
    <name>TP1424</name>
  </trkpt>
  <trkpt lat="53.45187" lon="-7.84058">
    <name>TP1425</name>
  </trkpt>
  <trkpt lat="53.45142" lon="-7.84133">
    <name>TP1426</name>
  </trkpt>
  <trkpt lat="53.45107" lon="-7.84191">
    <name>TP1427</name>
  </trkpt>
  <trkpt lat="53.45059" lon="-7.84269">
    <name>TP1428</name>
  </trkpt>
  <trkpt lat="53.45045" lon="-7.84293">
    <name>TP1429</name>
  </trkpt>
  <trkpt lat="53.45023" lon="-7.84339">
    <name>TP1430</name>
  </trkpt>
  <trkpt lat="53.45013" lon="-7.84363">
    <name>TP1431</name>
  </trkpt>
  <trkpt lat="53.44986" lon="-7.84432">
    <name>TP1432</name>
  </trkpt>
  <trkpt lat="53.4496" lon="-7.84493">
    <name>TP1433</name>
  </trkpt>
  <trkpt lat="53.44936" lon="-7.84528">
    <name>TP1434</name>
  </trkpt>
  <trkpt lat="53.44902" lon="-7.84578">
    <name>TP1435</name>
  </trkpt>
  <trkpt lat="53.44819" lon="-7.84703">
    <name>TP1436</name>
  </trkpt>
  <trkpt lat="53.44768" lon="-7.84779">
    <name>TP1437</name>
  </trkpt>
  <trkpt lat="53.44698" lon="-7.84881">
    <name>TP1438</name>
  </trkpt>
  <trkpt lat="53.4463" lon="-7.85005">
    <name>TP1439</name>
  </trkpt>
  <trkpt lat="53.44583" lon="-7.85111">
    <name>TP1440</name>
  </trkpt>
  <trkpt lat="53.44521" lon="-7.85238">
    <name>TP1441</name>
  </trkpt>
  <trkpt lat="53.44414" lon="-7.85465">
    <name>TP1442</name>
  </trkpt>
  <trkpt lat="53.44321" lon="-7.8567">
    <name>TP1443</name>
  </trkpt>
  <trkpt lat="53.44308" lon="-7.85704">
    <name>TP1444</name>
  </trkpt>
  <trkpt lat="53.44298" lon="-7.85732">
    <name>TP1445</name>
  </trkpt>
  <trkpt lat="53.44293" lon="-7.85754">
    <name>TP1446</name>
  </trkpt>
  <trkpt lat="53.44288" lon="-7.85775">
    <name>TP1447</name>
  </trkpt>
  <trkpt lat="53.44285" lon="-7.85795">
    <name>TP1448</name>
  </trkpt>
  <trkpt lat="53.44282" lon="-7.85818">
    <name>TP1449</name>
  </trkpt>
  <trkpt lat="53.44278" lon="-7.85893">
    <name>TP1450</name>
  </trkpt>
  <trkpt lat="53.44274" lon="-7.85991">
    <name>TP1451</name>
  </trkpt>
  <trkpt lat="53.44268" lon="-7.86104">
    <name>TP1452</name>
  </trkpt>
  <trkpt lat="53.44267" lon="-7.86118">
    <name>TP1453</name>
  </trkpt>
  <trkpt lat="53.44267" lon="-7.8613">
    <name>TP1454</name>
  </trkpt>
  <trkpt lat="53.4426" lon="-7.86206">
    <name>TP1455</name>
  </trkpt>
  <trkpt lat="53.44256" lon="-7.8625">
    <name>TP1456</name>
  </trkpt>
  <trkpt lat="53.44238" lon="-7.8642">
    <name>TP1457</name>
  </trkpt>
  <trkpt lat="53.44234" lon="-7.86458">
    <name>TP1458</name>
  </trkpt>
  <trkpt lat="53.44224" lon="-7.86553">
    <name>TP1459</name>
  </trkpt>
  <trkpt lat="53.44211" lon="-7.86677">
    <name>TP1460</name>
  </trkpt>
  <trkpt lat="53.44182" lon="-7.86939">
    <name>TP1461</name>
  </trkpt>
  <trkpt lat="53.44176" lon="-7.86999">
    <name>TP1462</name>
  </trkpt>
  <trkpt lat="53.44168" lon="-7.87089">
    <name>TP1463</name>
  </trkpt>
  <trkpt lat="53.44165" lon="-7.87118">
    <name>TP1464</name>
  </trkpt>
  <trkpt lat="53.44162" lon="-7.87148">
    <name>TP1465</name>
  </trkpt>
  <trkpt lat="53.44159" lon="-7.87178">
    <name>TP1466</name>
  </trkpt>
  <trkpt lat="53.44159" lon="-7.87179">
    <name>TP1467</name>
  </trkpt>
  <trkpt lat="53.44118" lon="-7.87651">
    <name>TP1468</name>
  </trkpt>
  <trkpt lat="53.44107" lon="-7.87745">
    <name>TP1469</name>
  </trkpt>
  <trkpt lat="53.44093" lon="-7.87899">
    <name>TP1470</name>
  </trkpt>
  <trkpt lat="53.44084" lon="-7.87998">
    <name>TP1471</name>
  </trkpt>
  <trkpt lat="53.44072" lon="-7.88119">
    <name>TP1472</name>
  </trkpt>
  <trkpt lat="53.4407" lon="-7.88148">
    <name>TP1473</name>
  </trkpt>
  <trkpt lat="53.44048" lon="-7.88368">
    <name>TP1474</name>
  </trkpt>
  <trkpt lat="53.44035" lon="-7.88488">
    <name>TP1475</name>
  </trkpt>
  <trkpt lat="53.44034" lon="-7.88495">
    <name>TP1476</name>
  </trkpt>
  <trkpt lat="53.44032" lon="-7.88534">
    <name>TP1477</name>
  </trkpt>
  <trkpt lat="53.44031" lon="-7.88566">
    <name>TP1478</name>
  </trkpt>
  <trkpt lat="53.44031" lon="-7.88588">
    <name>TP1479</name>
  </trkpt>
  <trkpt lat="53.44031" lon="-7.88616">
    <name>TP1480</name>
  </trkpt>
  <trkpt lat="53.44034" lon="-7.88646">
    <name>TP1481</name>
  </trkpt>
  <trkpt lat="53.44039" lon="-7.88674">
    <name>TP1482</name>
  </trkpt>
  <trkpt lat="53.44039" lon="-7.88676">
    <name>TP1483</name>
  </trkpt>
  <trkpt lat="53.44043" lon="-7.88694">
    <name>TP1484</name>
  </trkpt>
  <trkpt lat="53.44054" lon="-7.8873">
    <name>TP1485</name>
  </trkpt>
  <trkpt lat="53.44058" lon="-7.88741">
    <name>TP1486</name>
  </trkpt>
  <trkpt lat="53.44061" lon="-7.88748">
    <name>TP1487</name>
  </trkpt>
  <trkpt lat="53.44062" lon="-7.88751">
    <name>TP1488</name>
  </trkpt>
  <trkpt lat="53.44066" lon="-7.88764">
    <name>TP1489</name>
  </trkpt>
  <trkpt lat="53.44076" lon="-7.88791">
    <name>TP1490</name>
  </trkpt>
  <trkpt lat="53.44086" lon="-7.88817">
    <name>TP1491</name>
  </trkpt>
  <trkpt lat="53.4408559" lon="-7.8881657">
    <name>TP1492</name>
  </trkpt>
  <trkpt lat="53.44079" lon="-7.88826">
    <name>TP1493</name>
  </trkpt>
  <trkpt lat="53.4407" lon="-7.88838">
    <name>TP1494</name>
  </trkpt>
  <trkpt lat="53.44061" lon="-7.88852">
    <name>TP1495</name>
  </trkpt>
  <trkpt lat="53.4405" lon="-7.88868">
    <name>TP1496</name>
  </trkpt>
  <trkpt lat="53.44049" lon="-7.8887">
    <name>TP1497</name>
  </trkpt>
  <trkpt lat="53.44042" lon="-7.88881">
    <name>TP1498</name>
  </trkpt>
  <trkpt lat="53.44031" lon="-7.88904">
    <name>TP1499</name>
  </trkpt>
  <trkpt lat="53.4403" lon="-7.88906">
    <name>TP1500</name>
  </trkpt>
  <trkpt lat="53.4402" lon="-7.88926">
    <name>TP1501</name>
  </trkpt>
  <trkpt lat="53.44012" lon="-7.88948">
    <name>TP1502</name>
  </trkpt>
  <trkpt lat="53.44007" lon="-7.88962">
    <name>TP1503</name>
  </trkpt>
  <trkpt lat="53.44004" lon="-7.88973">
    <name>TP1504</name>
  </trkpt>
  <trkpt lat="53.44001" lon="-7.88982">
    <name>TP1505</name>
  </trkpt>
  <trkpt lat="53.43998" lon="-7.8899">
    <name>TP1506</name>
  </trkpt>
  <trkpt lat="53.43996" lon="-7.88998">
    <name>TP1507</name>
  </trkpt>
  <trkpt lat="53.43989" lon="-7.89026">
    <name>TP1508</name>
  </trkpt>
  <trkpt lat="53.43982" lon="-7.89057">
    <name>TP1509</name>
  </trkpt>
  <trkpt lat="53.43977" lon="-7.89089">
    <name>TP1510</name>
  </trkpt>
  <trkpt lat="53.43973" lon="-7.89118">
    <name>TP1511</name>
  </trkpt>
  <trkpt lat="53.4397" lon="-7.89147">
    <name>TP1512</name>
  </trkpt>
  <trkpt lat="53.43968" lon="-7.89169">
    <name>TP1513</name>
  </trkpt>
  <trkpt lat="53.43965" lon="-7.892">
    <name>TP1514</name>
  </trkpt>
  <trkpt lat="53.43964" lon="-7.89226">
    <name>TP1515</name>
  </trkpt>
  <trkpt lat="53.43953" lon="-7.89354">
    <name>TP1516</name>
  </trkpt>
  <trkpt lat="53.43933" lon="-7.89568">
    <name>TP1517</name>
  </trkpt>
  <trkpt lat="53.43931" lon="-7.89596">
    <name>TP1518</name>
  </trkpt>
  <trkpt lat="53.43928" lon="-7.89623">
    <name>TP1519</name>
  </trkpt>
  <trkpt lat="53.43925" lon="-7.89656">
    <name>TP1520</name>
  </trkpt>
  <trkpt lat="53.43922" lon="-7.89681">
    <name>TP1521</name>
  </trkpt>
  <trkpt lat="53.43921" lon="-7.89694">
    <name>TP1522</name>
  </trkpt>
  <trkpt lat="53.43919" lon="-7.89707">
    <name>TP1523</name>
  </trkpt>
  <trkpt lat="53.43916" lon="-7.89724">
    <name>TP1524</name>
  </trkpt>
  <trkpt lat="53.43914" lon="-7.89736">
    <name>TP1525</name>
  </trkpt>
  <trkpt lat="53.43913" lon="-7.89741">
    <name>TP1526</name>
  </trkpt>
  <trkpt lat="53.43906" lon="-7.89774">
    <name>TP1527</name>
  </trkpt>
  <trkpt lat="53.43901" lon="-7.89796">
    <name>TP1528</name>
  </trkpt>
  <trkpt lat="53.43897" lon="-7.89815">
    <name>TP1529</name>
  </trkpt>
  <trkpt lat="53.43893" lon="-7.89828">
    <name>TP1530</name>
  </trkpt>
  <trkpt lat="53.43889" lon="-7.89841">
    <name>TP1531</name>
  </trkpt>
  <trkpt lat="53.43887" lon="-7.8985">
    <name>TP1532</name>
  </trkpt>
  <trkpt lat="53.43884" lon="-7.89859">
    <name>TP1533</name>
  </trkpt>
  <trkpt lat="53.4388" lon="-7.89871">
    <name>TP1534</name>
  </trkpt>
  <trkpt lat="53.43875" lon="-7.89885">
    <name>TP1535</name>
  </trkpt>
  <trkpt lat="53.4387" lon="-7.89897">
    <name>TP1536</name>
  </trkpt>
  <trkpt lat="53.43861" lon="-7.89917">
    <name>TP1537</name>
  </trkpt>
  <trkpt lat="53.43854" lon="-7.89934">
    <name>TP1538</name>
  </trkpt>
  <trkpt lat="53.43846" lon="-7.89949">
    <name>TP1539</name>
  </trkpt>
  <trkpt lat="53.4384" lon="-7.89962">
    <name>TP1540</name>
  </trkpt>
  <trkpt lat="53.43832" lon="-7.89976">
    <name>TP1541</name>
  </trkpt>
  <trkpt lat="53.43821" lon="-7.89995">
    <name>TP1542</name>
  </trkpt>
  <trkpt lat="53.4381" lon="-7.90012">
    <name>TP1543</name>
  </trkpt>
  <trkpt lat="53.4381021" lon="-7.9001246">
    <name>TP1544</name>
  </trkpt>
  <trkpt lat="53.43815" lon="-7.90025">
    <name>TP1545</name>
  </trkpt>
  <trkpt lat="53.43825" lon="-7.9004">
    <name>TP1546</name>
  </trkpt>
  <trkpt lat="53.43828" lon="-7.90046">
    <name>TP1547</name>
  </trkpt>
  <trkpt lat="53.43832" lon="-7.90047">
    <name>TP1548</name>
  </trkpt>
  <trkpt lat="53.43836" lon="-7.90047">
    <name>TP1549</name>
  </trkpt>
  <trkpt lat="53.43839" lon="-7.90046">
    <name>TP1550</name>
  </trkpt>
  <trkpt lat="53.43841" lon="-7.90045">
    <name>TP1551</name>
  </trkpt>
  <trkpt lat="53.43849" lon="-7.90042">
    <name>TP1552</name>
  </trkpt>
  <trkpt lat="53.43855" lon="-7.90038">
    <name>TP1553</name>
  </trkpt>
  <trkpt lat="53.43871" lon="-7.90028">
    <name>TP1554</name>
  </trkpt>
  <trkpt lat="53.43885" lon="-7.90018">
    <name>TP1555</name>
  </trkpt>
  <trkpt lat="53.43893" lon="-7.90013">
    <name>TP1556</name>
  </trkpt>
  <trkpt lat="53.43906" lon="-7.90003">
    <name>TP1557</name>
  </trkpt>
  <trkpt lat="53.43911" lon="-7.89999">
    <name>TP1558</name>
  </trkpt>
  <trkpt lat="53.4391093" lon="-7.8999899">
    <name>TP1559</name>
  </trkpt>
  <trkpt lat="53.43923" lon="-7.89993">
    <name>TP1560</name>
  </trkpt>
  <trkpt lat="53.43928" lon="-7.8999">
    <name>TP1561</name>
  </trkpt>
  <trkpt lat="53.43952" lon="-7.89975">
    <name>TP1562</name>
  </trkpt>
  <trkpt lat="53.43964" lon="-7.89967">
    <name>TP1563</name>
  </trkpt>
  <trkpt lat="53.4396441" lon="-7.8996656">
    <name>TP1564</name>
  </trkpt>
  <trkpt lat="53.43966" lon="-7.89975">
    <name>TP1565</name>
  </trkpt>
  <trkpt lat="53.43968" lon="-7.89983">
    <name>TP1566</name>
  </trkpt>
  <trkpt lat="53.43969" lon="-7.89992">
    <name>TP1567</name>
  </trkpt>
  <trkpt lat="53.43969" lon="-7.90004">
    <name>TP1568</name>
  </trkpt>
  <trkpt lat="53.43967" lon="-7.90034">
    <name>TP1569</name>
  </trkpt>
  <trkpt lat="53.43966" lon="-7.90048">
    <name>TP1570</name>
  </trkpt>
  <trkpt lat="53.43965" lon="-7.90063">
    <name>TP1571</name>
  </trkpt>
  <trkpt lat="53.43964" lon="-7.90123">
    <name>TP1572</name>
  </trkpt>
  <trkpt lat="53.43967" lon="-7.90161">
    <name>TP1573</name>
  </trkpt>
  <trkpt lat="53.43969" lon="-7.90183">
    <name>TP1574</name>
  </trkpt>
  <trkpt lat="53.43969" lon="-7.90195">
    <name>TP1575</name>
  </trkpt>
  <trkpt lat="53.43966" lon="-7.90208">
    <name>TP1576</name>
  </trkpt>
  <trkpt lat="53.43961" lon="-7.9023">
    <name>TP1577</name>
  </trkpt>
  <trkpt lat="53.43959" lon="-7.90242">
    <name>TP1578</name>
  </trkpt>
  <trkpt lat="53.4396" lon="-7.90249">
    <name>TP1579</name>
  </trkpt>
  <trkpt lat="53.4396" lon="-7.90254">
    <name>TP1580</name>
  </trkpt>
  <trkpt lat="53.43962" lon="-7.90259">
    <name>TP1581</name>
  </trkpt>
  <trkpt lat="53.43963" lon="-7.90264">
    <name>TP1582</name>
  </trkpt>
  <trkpt lat="53.43964" lon="-7.90267">
    <name>TP1583</name>
  </trkpt>
  <trkpt lat="53.43966" lon="-7.90269">
    <name>TP1584</name>
  </trkpt>
  <trkpt lat="53.4397" lon="-7.90276">
    <name>TP1585</name>
  </trkpt>
  <trkpt lat="53.43978" lon="-7.90284">
    <name>TP1586</name>
  </trkpt>
  <trkpt lat="53.4399" lon="-7.9029">
    <name>TP1587</name>
  </trkpt>
  <trkpt lat="53.44019" lon="-7.90309">
    <name>TP1588</name>
  </trkpt>
  <trkpt lat="53.44034" lon="-7.90318">
    <name>TP1589</name>
  </trkpt>
  <trkpt lat="53.44038" lon="-7.90322">
    <name>TP1590</name>
  </trkpt>
  <trkpt lat="53.44045" lon="-7.90329">
    <name>TP1591</name>
  </trkpt>
  <trkpt lat="53.44049" lon="-7.90334">
    <name>TP1592</name>
  </trkpt>
  <trkpt lat="53.44054" lon="-7.90342">
    <name>TP1593</name>
  </trkpt>
  <trkpt lat="53.44058" lon="-7.9035">
    <name>TP1594</name>
  </trkpt>
  <trkpt lat="53.4406" lon="-7.90353">
    <name>TP1595</name>
  </trkpt>
  <trkpt lat="53.44061" lon="-7.90358">
    <name>TP1596</name>
  </trkpt>
  <trkpt lat="53.44062" lon="-7.90362">
    <name>TP1597</name>
  </trkpt>
  <trkpt lat="53.44062" lon="-7.90366">
    <name>TP1598</name>
  </trkpt>
  <trkpt lat="53.44062" lon="-7.90373">
    <name>TP1599</name>
  </trkpt>
  <trkpt lat="53.44062" lon="-7.90389">
    <name>TP1600</name>
  </trkpt>
  <trkpt lat="53.44063" lon="-7.90398">
    <name>TP1601</name>
  </trkpt>
  <trkpt lat="53.44063" lon="-7.90402">
    <name>TP1602</name>
  </trkpt>
  <trkpt lat="53.44066" lon="-7.90417">
    <name>TP1603</name>
  </trkpt>
  <trkpt lat="53.44067" lon="-7.90425">
    <name>TP1604</name>
  </trkpt>
  <trkpt lat="53.44069" lon="-7.9043">
    <name>TP1605</name>
  </trkpt>
  <trkpt lat="53.44072" lon="-7.90437">
    <name>TP1606</name>
  </trkpt>
  <trkpt lat="53.44074" lon="-7.90441">
    <name>TP1607</name>
  </trkpt>
  <trkpt lat="53.4408" lon="-7.9045">
    <name>TP1608</name>
  </trkpt>
  <trkpt lat="53.44104" lon="-7.90477">
    <name>TP1609</name>
  </trkpt>
  <trkpt lat="53.44118" lon="-7.90492">
    <name>TP1610</name>
  </trkpt>
  <trkpt lat="53.44123" lon="-7.905">
    <name>TP1611</name>
  </trkpt>
  <trkpt lat="53.44131" lon="-7.90511">
    <name>TP1612</name>
  </trkpt>
  <trkpt lat="53.44139" lon="-7.90526">
    <name>TP1613</name>
  </trkpt>
  <trkpt lat="53.44143" lon="-7.90538">
    <name>TP1614</name>
  </trkpt>
  <trkpt lat="53.4415" lon="-7.90552">
    <name>TP1615</name>
  </trkpt>
  <trkpt lat="53.44154" lon="-7.90561">
    <name>TP1616</name>
  </trkpt>
  <trkpt lat="53.44157" lon="-7.90567">
    <name>TP1617</name>
  </trkpt>
  <trkpt lat="53.44166" lon="-7.9059">
    <name>TP1618</name>
  </trkpt>
  <trkpt lat="53.44169" lon="-7.906">
    <name>TP1619</name>
  </trkpt>
  <trkpt lat="53.44174" lon="-7.90612">
    <name>TP1620</name>
  </trkpt>
  <trkpt lat="53.44178" lon="-7.90627">
    <name>TP1621</name>
  </trkpt>
  <trkpt lat="53.44185" lon="-7.90652">
    <name>TP1622</name>
  </trkpt>
  <trkpt lat="53.44192" lon="-7.90681">
    <name>TP1623</name>
  </trkpt>
  <trkpt lat="53.44204" lon="-7.90731">
    <name>TP1624</name>
  </trkpt>
  <trkpt lat="53.44206" lon="-7.90738">
    <name>TP1625</name>
  </trkpt>
  <trkpt lat="53.4421" lon="-7.90765">
    <name>TP1626</name>
  </trkpt>
  <trkpt lat="53.44212" lon="-7.90801">
    <name>TP1627</name>
  </trkpt>
  <trkpt lat="53.44214" lon="-7.9084">
    <name>TP1628</name>
  </trkpt>
  <trkpt lat="53.44218" lon="-7.90907">
    <name>TP1629</name>
  </trkpt>
  <trkpt lat="53.44221" lon="-7.90945">
    <name>TP1630</name>
  </trkpt>
  <trkpt lat="53.44222" lon="-7.90966">
    <name>TP1631</name>
  </trkpt>
  <trkpt lat="53.44228" lon="-7.91002">
    <name>TP1632</name>
  </trkpt>
  <trkpt lat="53.44236" lon="-7.91055">
    <name>TP1633</name>
  </trkpt>
  <trkpt lat="53.4425" lon="-7.91136">
    <name>TP1634</name>
  </trkpt>
  <trkpt lat="53.44256" lon="-7.91178">
    <name>TP1635</name>
  </trkpt>
  <trkpt lat="53.44274" lon="-7.91297">
    <name>TP1636</name>
  </trkpt>
  <trkpt lat="53.44281" lon="-7.91344">
    <name>TP1637</name>
  </trkpt>
  <trkpt lat="53.44284" lon="-7.91357">
    <name>TP1638</name>
  </trkpt>
  <trkpt lat="53.4428401" lon="-7.9135671">
    <name>TP1639</name>
  </trkpt>
  <trkpt lat="53.44289" lon="-7.91381">
    <name>TP1640</name>
  </trkpt>
  <trkpt lat="53.44293" lon="-7.914">
    <name>TP1641</name>
  </trkpt>
  <trkpt lat="53.44296" lon="-7.91411">
    <name>TP1642</name>
  </trkpt>
  <trkpt lat="53.44305" lon="-7.91429">
    <name>TP1643</name>
  </trkpt>
  <trkpt lat="53.4431" lon="-7.9144">
    <name>TP1644</name>
  </trkpt>
  <trkpt lat="53.4432" lon="-7.9146">
    <name>TP1645</name>
  </trkpt>
  <trkpt lat="53.44327" lon="-7.91478">
    <name>TP1646</name>
  </trkpt>
  <trkpt lat="53.44332" lon="-7.91489">
    <name>TP1647</name>
  </trkpt>
  <trkpt lat="53.44334" lon="-7.91498">
    <name>TP1648</name>
  </trkpt>
  <trkpt lat="53.44336" lon="-7.91509">
    <name>TP1649</name>
  </trkpt>
  <trkpt lat="53.44338" lon="-7.91529">
    <name>TP1650</name>
  </trkpt>
  <trkpt lat="53.44339" lon="-7.91543">
    <name>TP1651</name>
  </trkpt>
  <trkpt lat="53.44341" lon="-7.91577">
    <name>TP1652</name>
  </trkpt>
  <trkpt lat="53.44341" lon="-7.91607">
    <name>TP1653</name>
  </trkpt>
  <trkpt lat="53.44343" lon="-7.91637">
    <name>TP1654</name>
  </trkpt>
  <trkpt lat="53.44345" lon="-7.91656">
    <name>TP1655</name>
  </trkpt>
  <trkpt lat="53.4435" lon="-7.91693">
    <name>TP1656</name>
  </trkpt>
  <trkpt lat="53.44355" lon="-7.91726">
    <name>TP1657</name>
  </trkpt>
  <trkpt lat="53.44359" lon="-7.91744">
    <name>TP1658</name>
  </trkpt>
  <trkpt lat="53.44365" lon="-7.91762">
    <name>TP1659</name>
  </trkpt>
  <trkpt lat="53.44374" lon="-7.91782">
    <name>TP1660</name>
  </trkpt>
  <trkpt lat="53.44381" lon="-7.91795">
    <name>TP1661</name>
  </trkpt>
  <trkpt lat="53.44397" lon="-7.91826">
    <name>TP1662</name>
  </trkpt>
  <trkpt lat="53.44429" lon="-7.91882">
    <name>TP1663</name>
  </trkpt>
  <trkpt lat="53.44446" lon="-7.91911">
    <name>TP1664</name>
  </trkpt>
  <trkpt lat="53.44464" lon="-7.91939">
    <name>TP1665</name>
  </trkpt>
  <trkpt lat="53.44476" lon="-7.91958">
    <name>TP1666</name>
  </trkpt>
  <trkpt lat="53.44503" lon="-7.91996">
    <name>TP1667</name>
  </trkpt>
  <trkpt lat="53.4455" lon="-7.92056">
    <name>TP1668</name>
  </trkpt>
  <trkpt lat="53.4456" lon="-7.92071">
    <name>TP1669</name>
  </trkpt>
  <trkpt lat="53.44569" lon="-7.92086">
    <name>TP1670</name>
  </trkpt>
  <trkpt lat="53.44581" lon="-7.92109">
    <name>TP1671</name>
  </trkpt>
  <trkpt lat="53.44588" lon="-7.92121">
    <name>TP1672</name>
  </trkpt>
  <trkpt lat="53.44591" lon="-7.92129">
    <name>TP1673</name>
  </trkpt>
  <trkpt lat="53.44595" lon="-7.92138">
    <name>TP1674</name>
  </trkpt>
  <trkpt lat="53.44598" lon="-7.92146">
    <name>TP1675</name>
  </trkpt>
  <trkpt lat="53.44603" lon="-7.92162">
    <name>TP1676</name>
  </trkpt>
  <trkpt lat="53.44606" lon="-7.92176">
    <name>TP1677</name>
  </trkpt>
  <trkpt lat="53.4461" lon="-7.92195">
    <name>TP1678</name>
  </trkpt>
  <trkpt lat="53.44615" lon="-7.92228">
    <name>TP1679</name>
  </trkpt>
  <trkpt lat="53.44615" lon="-7.92231">
    <name>TP1680</name>
  </trkpt>
  <trkpt lat="53.44617" lon="-7.92268">
    <name>TP1681</name>
  </trkpt>
  <trkpt lat="53.4462" lon="-7.92298">
    <name>TP1682</name>
  </trkpt>
  <trkpt lat="53.44626" lon="-7.92368">
    <name>TP1683</name>
  </trkpt>
  <trkpt lat="53.44626" lon="-7.92369">
    <name>TP1684</name>
  </trkpt>
  <trkpt lat="53.44629" lon="-7.92404">
    <name>TP1685</name>
  </trkpt>
  <trkpt lat="53.44636" lon="-7.92491">
    <name>TP1686</name>
  </trkpt>
  <trkpt lat="53.4464" lon="-7.92548">
    <name>TP1687</name>
  </trkpt>
  <trkpt lat="53.44642" lon="-7.92565">
    <name>TP1688</name>
  </trkpt>
  <trkpt lat="53.44643" lon="-7.92577">
    <name>TP1689</name>
  </trkpt>
  <trkpt lat="53.44645" lon="-7.92607">
    <name>TP1690</name>
  </trkpt>
  <trkpt lat="53.44645" lon="-7.92617">
    <name>TP1691</name>
  </trkpt>
  <trkpt lat="53.44647" lon="-7.92637">
    <name>TP1692</name>
  </trkpt>
  <trkpt lat="53.44654" lon="-7.92727">
    <name>TP1693</name>
  </trkpt>
  <trkpt lat="53.44659" lon="-7.928">
    <name>TP1694</name>
  </trkpt>
  <trkpt lat="53.4466" lon="-7.92817">
    <name>TP1695</name>
  </trkpt>
  <trkpt lat="53.44662" lon="-7.92859">
    <name>TP1696</name>
  </trkpt>
  <trkpt lat="53.44665" lon="-7.9289">
    <name>TP1697</name>
  </trkpt>
  <trkpt lat="53.44666" lon="-7.92908">
    <name>TP1698</name>
  </trkpt>
  <trkpt lat="53.44668" lon="-7.92937">
    <name>TP1699</name>
  </trkpt>
  <trkpt lat="53.44668" lon="-7.92943">
    <name>TP1700</name>
  </trkpt>
  <trkpt lat="53.44667" lon="-7.92945">
    <name>TP1701</name>
  </trkpt>
  <trkpt lat="53.44666" lon="-7.9295">
    <name>TP1702</name>
  </trkpt>
  <trkpt lat="53.44662" lon="-7.92963">
    <name>TP1703</name>
  </trkpt>
  <trkpt lat="53.44659" lon="-7.92972">
    <name>TP1704</name>
  </trkpt>
  <trkpt lat="53.44656" lon="-7.92979">
    <name>TP1705</name>
  </trkpt>
  <trkpt lat="53.44651" lon="-7.9299">
    <name>TP1706</name>
  </trkpt>
  <trkpt lat="53.44645" lon="-7.93002">
    <name>TP1707</name>
  </trkpt>
  <trkpt lat="53.4464" lon="-7.9301">
    <name>TP1708</name>
  </trkpt>
  <trkpt lat="53.44632" lon="-7.93023">
    <name>TP1709</name>
  </trkpt>
  <trkpt lat="53.44626" lon="-7.93039">
    <name>TP1710</name>
  </trkpt>
  <trkpt lat="53.44621" lon="-7.9306">
    <name>TP1711</name>
  </trkpt>
  <trkpt lat="53.44619" lon="-7.9307">
    <name>TP1712</name>
  </trkpt>
  <trkpt lat="53.44616" lon="-7.9308">
    <name>TP1713</name>
  </trkpt>
  <trkpt lat="53.44615" lon="-7.93091">
    <name>TP1714</name>
  </trkpt>
  <trkpt lat="53.44614" lon="-7.93101">
    <name>TP1715</name>
  </trkpt>
  <trkpt lat="53.44614" lon="-7.93109">
    <name>TP1716</name>
  </trkpt>
  <trkpt lat="53.44613" lon="-7.93137">
    <name>TP1717</name>
  </trkpt>
  <trkpt lat="53.44615" lon="-7.93159">
    <name>TP1718</name>
  </trkpt>
  <trkpt lat="53.44623" lon="-7.93203">
    <name>TP1719</name>
  </trkpt>
  <trkpt lat="53.44627" lon="-7.93237">
    <name>TP1720</name>
  </trkpt>
  <trkpt lat="53.4463" lon="-7.93263">
    <name>TP1721</name>
  </trkpt>
  <trkpt lat="53.44631" lon="-7.93272">
    <name>TP1722</name>
  </trkpt>
  <trkpt lat="53.44631" lon="-7.93276">
    <name>TP1723</name>
  </trkpt>
  <trkpt lat="53.44631" lon="-7.93281">
    <name>TP1724</name>
  </trkpt>
  <trkpt lat="53.44631" lon="-7.93283">
    <name>TP1725</name>
  </trkpt>
  <trkpt lat="53.44631" lon="-7.93304">
    <name>TP1726</name>
  </trkpt>
  <trkpt lat="53.44629" lon="-7.93316">
    <name>TP1727</name>
  </trkpt>
  <trkpt lat="53.44629" lon="-7.93322">
    <name>TP1728</name>
  </trkpt>
  <trkpt lat="53.44627" lon="-7.93334">
    <name>TP1729</name>
  </trkpt>
  <trkpt lat="53.44626" lon="-7.93339">
    <name>TP1730</name>
  </trkpt>
  <trkpt lat="53.44625" lon="-7.93345">
    <name>TP1731</name>
  </trkpt>
  <trkpt lat="53.44618" lon="-7.93374">
    <name>TP1732</name>
  </trkpt>
  <trkpt lat="53.44618" lon="-7.93375">
    <name>TP1733</name>
  </trkpt>
  <trkpt lat="53.44614" lon="-7.93393">
    <name>TP1734</name>
  </trkpt>
  <trkpt lat="53.44612" lon="-7.93402">
    <name>TP1735</name>
  </trkpt>
  <trkpt lat="53.4461" lon="-7.9341">
    <name>TP1736</name>
  </trkpt>
  <trkpt lat="53.44609" lon="-7.93416">
    <name>TP1737</name>
  </trkpt>
  <trkpt lat="53.44606" lon="-7.9343">
    <name>TP1738</name>
  </trkpt>
  <trkpt lat="53.44602" lon="-7.93453">
    <name>TP1739</name>
  </trkpt>
  <trkpt lat="53.44599" lon="-7.93473">
    <name>TP1740</name>
  </trkpt>
  <trkpt lat="53.44598" lon="-7.93481">
    <name>TP1741</name>
  </trkpt>
  <trkpt lat="53.44598" lon="-7.93489">
    <name>TP1742</name>
  </trkpt>
  <trkpt lat="53.4459828" lon="-7.9348857">
    <name>TP1743</name>
  </trkpt>
  <trkpt lat="53.44622" lon="-7.93485">
    <name>TP1744</name>
  </trkpt>
  <trkpt lat="53.44663" lon="-7.9348">
    <name>TP1745</name>
  </trkpt>
  <trkpt lat="53.44696" lon="-7.93476">
    <name>TP1746</name>
  </trkpt>
  <trkpt lat="53.44746" lon="-7.93469">
    <name>TP1747</name>
  </trkpt>
  <trkpt lat="53.44748" lon="-7.93469">
    <name>TP1748</name>
  </trkpt>
  <trkpt lat="53.44768" lon="-7.93467">
    <name>TP1749</name>
  </trkpt>
  <trkpt lat="53.44827" lon="-7.93461">
    <name>TP1750</name>
  </trkpt>
  <trkpt lat="53.44848" lon="-7.93459">
    <name>TP1751</name>
  </trkpt>
  <trkpt lat="53.44874" lon="-7.93456">
    <name>TP1752</name>
  </trkpt>
  <trkpt lat="53.44915" lon="-7.93452">
    <name>TP1753</name>
  </trkpt>
  <trkpt lat="53.44951" lon="-7.93448">
    <name>TP1754</name>
  </trkpt>
  <trkpt lat="53.44951" lon="-7.93448">
    <name>TP1755</name>
  </trkpt>
  <trkpt lat="53.44984" lon="-7.93451">
    <name>TP1756</name>
  </trkpt>
  <trkpt lat="53.44988" lon="-7.93452">
    <name>TP1757</name>
  </trkpt>
  <trkpt lat="53.45003" lon="-7.93453">
    <name>TP1758</name>
  </trkpt>
  <trkpt lat="53.45024" lon="-7.93455">
    <name>TP1759</name>
  </trkpt>
  <trkpt lat="53.45048" lon="-7.93455">
    <name>TP1760</name>
  </trkpt>
  <trkpt lat="53.45062" lon="-7.93455">
    <name>TP1761</name>
  </trkpt>
  <trkpt lat="53.45071" lon="-7.93454">
    <name>TP1762</name>
  </trkpt>
  <trkpt lat="53.45088" lon="-7.93451">
    <name>TP1763</name>
  </trkpt>
  <trkpt lat="53.45112" lon="-7.93443">
    <name>TP1764</name>
  </trkpt>
  <trkpt lat="53.45128" lon="-7.93439">
    <name>TP1765</name>
  </trkpt>
  <trkpt lat="53.45135" lon="-7.93437">
    <name>TP1766</name>
  </trkpt>
  <trkpt lat="53.45168" lon="-7.9343">
    <name>TP1767</name>
  </trkpt>
  <trkpt lat="53.45251" lon="-7.93412">
    <name>TP1768</name>
  </trkpt>
  <trkpt lat="53.45286" lon="-7.93406">
    <name>TP1769</name>
  </trkpt>
  <trkpt lat="53.45357" lon="-7.93393">
    <name>TP1770</name>
  </trkpt>
  <trkpt lat="53.45365" lon="-7.93392">
    <name>TP1771</name>
  </trkpt>
  <trkpt lat="53.45375" lon="-7.9339">
    <name>TP1772</name>
  </trkpt>
  <trkpt lat="53.45442" lon="-7.93377">
    <name>TP1773</name>
  </trkpt>
  <trkpt lat="53.45485" lon="-7.93368">
    <name>TP1774</name>
  </trkpt>
  <trkpt lat="53.45557" lon="-7.93353">
    <name>TP1775</name>
  </trkpt>
  <trkpt lat="53.45624" lon="-7.93332">
    <name>TP1776</name>
  </trkpt>
  <trkpt lat="53.4562429" lon="-7.9333212">
    <name>TP1777</name>
  </trkpt>
  <trkpt lat="53.45637" lon="-7.93328">
    <name>TP1778</name>
  </trkpt>
  <trkpt lat="53.45645" lon="-7.93322">
    <name>TP1779</name>
  </trkpt>
  <trkpt lat="53.45655" lon="-7.93314">
    <name>TP1780</name>
  </trkpt>
  <trkpt lat="53.45674" lon="-7.9329">
    <name>TP1781</name>
  </trkpt>
  <trkpt lat="53.45682" lon="-7.93276">
    <name>TP1782</name>
  </trkpt>
  <trkpt lat="53.45699" lon="-7.93249">
    <name>TP1783</name>
  </trkpt>
  <trkpt lat="53.4571" lon="-7.93229">
    <name>TP1784</name>
  </trkpt>
  <trkpt lat="53.4571" lon="-7.93228">
    <name>TP1785</name>
  </trkpt>
  <trkpt lat="53.45715" lon="-7.9322">
    <name>TP1786</name>
  </trkpt>
  <trkpt lat="53.45721" lon="-7.9321">
    <name>TP1787</name>
  </trkpt>
  <trkpt lat="53.45723" lon="-7.93208">
    <name>TP1788</name>
  </trkpt>
  <trkpt lat="53.45755" lon="-7.93166">
    <name>TP1789</name>
  </trkpt>
  <trkpt lat="53.45766" lon="-7.93153">
    <name>TP1790</name>
  </trkpt>
  <trkpt lat="53.45794" lon="-7.93119">
    <name>TP1791</name>
  </trkpt>
  <trkpt lat="53.4581" lon="-7.93097">
    <name>TP1792</name>
  </trkpt>
  <trkpt lat="53.45829" lon="-7.93073">
    <name>TP1793</name>
  </trkpt>
  <trkpt lat="53.45832" lon="-7.93069">
    <name>TP1794</name>
  </trkpt>
  <trkpt lat="53.45838" lon="-7.93062">
    <name>TP1795</name>
  </trkpt>
  <trkpt lat="53.45843" lon="-7.93055">
    <name>TP1796</name>
  </trkpt>
  <trkpt lat="53.45853" lon="-7.93046">
    <name>TP1797</name>
  </trkpt>
  <trkpt lat="53.45854" lon="-7.93045">
    <name>TP1798</name>
  </trkpt>
  <trkpt lat="53.45861" lon="-7.93039">
    <name>TP1799</name>
  </trkpt>
  <trkpt lat="53.45869" lon="-7.93034">
    <name>TP1800</name>
  </trkpt>
  <trkpt lat="53.45871" lon="-7.93033">
    <name>TP1801</name>
  </trkpt>
  <trkpt lat="53.45879" lon="-7.93029">
    <name>TP1802</name>
  </trkpt>
  <trkpt lat="53.45887" lon="-7.93025">
    <name>TP1803</name>
  </trkpt>
  <trkpt lat="53.45899" lon="-7.93021">
    <name>TP1804</name>
  </trkpt>
  <trkpt lat="53.45906" lon="-7.93018">
    <name>TP1805</name>
  </trkpt>
  <trkpt lat="53.45911" lon="-7.93017">
    <name>TP1806</name>
  </trkpt>
  <trkpt lat="53.45918" lon="-7.93014">
    <name>TP1807</name>
  </trkpt>
  <trkpt lat="53.45928" lon="-7.93011">
    <name>TP1808</name>
  </trkpt>
  <trkpt lat="53.45937" lon="-7.93008">
    <name>TP1809</name>
  </trkpt>
  <trkpt lat="53.4594" lon="-7.93007">
    <name>TP1810</name>
  </trkpt>
  <trkpt lat="53.45951" lon="-7.93004">
    <name>TP1811</name>
  </trkpt>
  <trkpt lat="53.45957" lon="-7.93003">
    <name>TP1812</name>
  </trkpt>
  <trkpt lat="53.45963" lon="-7.93002">
    <name>TP1813</name>
  </trkpt>
  <trkpt lat="53.45975" lon="-7.93002">
    <name>TP1814</name>
  </trkpt>
  <trkpt lat="53.45978" lon="-7.93002">
    <name>TP1815</name>
  </trkpt>
  <trkpt lat="53.45993" lon="-7.93005">
    <name>TP1816</name>
  </trkpt>
  <trkpt lat="53.45998" lon="-7.93005">
    <name>TP1817</name>
  </trkpt>
  <trkpt lat="53.46" lon="-7.93006">
    <name>TP1818</name>
  </trkpt>
  <trkpt lat="53.46016" lon="-7.93009">
    <name>TP1819</name>
  </trkpt>
  <trkpt lat="53.46037" lon="-7.93013">
    <name>TP1820</name>
  </trkpt>
  <trkpt lat="53.46072" lon="-7.93014">
    <name>TP1821</name>
  </trkpt>
  <trkpt lat="53.46083" lon="-7.93012">
    <name>TP1822</name>
  </trkpt>
  <trkpt lat="53.46088" lon="-7.93011">
    <name>TP1823</name>
  </trkpt>
  <trkpt lat="53.4609" lon="-7.93011">
    <name>TP1824</name>
  </trkpt>
  <trkpt lat="53.46101" lon="-7.93009">
    <name>TP1825</name>
  </trkpt>
  <trkpt lat="53.46105" lon="-7.93009">
    <name>TP1826</name>
  </trkpt>
  <trkpt lat="53.46117" lon="-7.93005">
    <name>TP1827</name>
  </trkpt>
  <trkpt lat="53.46136" lon="-7.93">
    <name>TP1828</name>
  </trkpt>
  <trkpt lat="53.46143" lon="-7.92998">
    <name>TP1829</name>
  </trkpt>
  <trkpt lat="53.46144" lon="-7.92998">
    <name>TP1830</name>
  </trkpt>
  <trkpt lat="53.46155" lon="-7.92994">
    <name>TP1831</name>
  </trkpt>
  <trkpt lat="53.4617" lon="-7.9299">
    <name>TP1832</name>
  </trkpt>
  <trkpt lat="53.46207" lon="-7.92982">
    <name>TP1833</name>
  </trkpt>
  <trkpt lat="53.46214" lon="-7.92981">
    <name>TP1834</name>
  </trkpt>
  <trkpt lat="53.46225" lon="-7.92979">
    <name>TP1835</name>
  </trkpt>
  <trkpt lat="53.46226" lon="-7.92979">
    <name>TP1836</name>
  </trkpt>
  <trkpt lat="53.46232" lon="-7.92977">
    <name>TP1837</name>
  </trkpt>
  <trkpt lat="53.46301" lon="-7.92957">
    <name>TP1838</name>
  </trkpt>
  <trkpt lat="53.46319" lon="-7.92953">
    <name>TP1839</name>
  </trkpt>
  <trkpt lat="53.4631872" lon="-7.9295318">
    <name>TP1840</name>
  </trkpt>
  <trkpt lat="53.4631872" lon="-7.9295318">
    <name>TP1841</name>
  </trkpt>
  <trkpt lat="53.4631872" lon="-7.9295318">
    <name>TP1842</name>
  </trkpt>
  </trkseg>
</trk>
</gpx>