$GPTXT,01,01,02,SendaOne - Map data (c)Google*7E
$GPWPL,5325.43516,N,00756.41851,W,ATHLON*40
$GPWPL,5325.43520,N,00756.41860,W,WP001*61
$GPWPL,5325.46940,N,00756.42880,W,WP002*60
$GPWPL,5325.47360,N,00756.43060,W,WP003*6F
$GPWPL,5325.49700,N,00756.44380,W,WP004*6E
$GPWPL,5325.50600,N,00756.44860,W,WP005*63
$GPWPL,5325.51980,N,00756.45460,W,WP006*6B
$GPWPL,5325.52460,N,00756.45580,W,WP007*65
$GPWPL,5325.52820,N,00756.45640,W,WP008*6D
$GPWPL,5325.52940,N,00756.45580,W,WP009*64
$GPWPL,5325.53300,N,00756.45520,W,WP010*69
$GPWPL,5325.53600,N,00756.45400,W,WP011*6E
$GPWPL,5325.54140,N,00756.45220,W,WP012*6D
$GPWPL,5325.55820,N,00756.44500,W,WP013*66
$GPWPL,5325.56900,N,00756.44020,W,WP014*66
$GPWPL,5325.57320,N,00756.43840,W,WP015*67
$GPWPL,5325.59900,N,00756.43780,W,WP016*61
$GPWPL,5325.60260,N,00756.43780,W,WP017*67
$GPWPL,5325.60680,N,00756.43960,W,WP018*62
$GPWPL,5325.60800,N,00756.44020,W,WP019*6F
$GPWPL,5325.60980,N,00756.43960,W,WP020*66
$GPWPL,5325.61100,N,00756.43960,W,WP021*66
$GPWPL,5325.61340,N,00756.43780,W,WP022*63
$GPWPL,5325.61340,N,00756.43840,W,WP023*61
$GPWPL,5325.61400,N,00756.43840,W,WP024*65
$GPWPL,5325.61400,N,00756.43900,W,WP025*61
$GPWPL,5325.61460,N,00756.43900,W,WP026*64
$GPWPL,5325.61520,N,00756.43900,W,WP027*60
$GPWPL,5325.61580,N,00756.43900,W,WP028*65
$GPWPL,5325.61640,N,00756.43900,W,WP029*6B
$GPWPL,5325.61640,N,00756.43840,W,WP030*66
$GPWPL,5325.61700,N,00756.43840,W,WP031*62
$GPWPL,5325.61700,N,00756.43780,W,WP032*62
$GPWPL,5325.61820,N,00756.43840,W,WP033*6D
$GPWPL,5325.61880,N,00756.43840,W,WP034*60
$GPWPL,5325.61940,N,00756.43840,W,WP035*6C
$GPWPL,5325.62660,N,00756.43600,W,WP036*6B
$GPWPL,5325.62840,N,00756.43540,W,WP037*61
$GPWPL,5325.62900,N,00756.43480,W,WP038*66
$GPWPL,5325.62960,N,00756.43480,W,WP039*61
$GPWPL,5325.62960,N,00756.43420,W,WP040*65
$GPWPL,5325.63140,N,00756.43060,W,WP041*6F
$GPWPL,5325.63500,N,00756.42760,W,WP042*6A
$GPWPL,5325.63740,N,00756.42520,W,WP043*6B
$GPWPL,5325.64040,N,00756.42160,W,WP044*6C
$GPWPL,5325.66020,N,00756.39820,W,WP045*68
$GPWPL,5325.67280,N,00756.38320,W,WP046*68
$GPWPL,5325.68000,N,00756.37540,W,WP047*63
$GPWPL,5325.68480,N,00756.37060,W,WP048*67
$GPWPL,5325.68960,N,00756.37000,W,WP049*63
$GPWPL,5325.70220,N,00756.36880,W,WP050*6C
$GPWPL,5325.71420,N,00756.36760,W,WP051*6B
$GPWPL,5325.71960,N,00756.36640,W,WP052*62
$GPWPL,5325.72800,N,00756.36460,W,WP053*67
$GPWPL,5325.73160,N,00756.36340,W,WP054*6B
$GPWPL,5325.73520,N,00756.36280,W,WP055*67
$GPWPL,5325.74300,N,00756.35860,W,WP056*60
$GPWPL,5325.74780,N,00756.35560,W,WP057*60
$GPWPL,5325.74960,N,00756.35440,W,WP058*6C
$GPWPL,5325.75440,N,00756.35260,W,WP059*67
$GPWPL,5325.75620,N,00756.35200,W,WP060*6F
$GPWPL,5325.76220,N,00756.35020,W,WP061*69
$GPWPL,5325.76820,N,00756.34720,W,WP062*66
$GPWPL,5325.77060,N,00756.34660,W,WP063*6F
$GPWPL,5325.77960,N,00756.34420,W,WP064*67
$GPWPL,5325.79580,N,00756.34120,W,WP065*6F
$GPWPL,5325.79640,N,00756.34120,W,WP066*63
$GPWPL,5325.80300,N,00756.33940,W,WP067*6C
$GPWPL,5325.80600,N,00756.33700,W,WP068*6C
$GPWPL,5325.80720,N,00756.33700,W,WP069*6E
$GPWPL,5325.81140,N,00756.33400,W,WP070*64
$GPWPL,5325.81860,N,00756.32860,W,WP071*65
$GPWPL,5325.82160,N,00756.32560,W,WP072*61
$GPWPL,5325.83300,N,00756.31360,W,WP073*60
$GPWPL,5325.84200,N,00756.30280,W,WP074*6F
$GPWPL,5325.85400,N,00756.28720,W,WP075*6F
$GPWPL,5325.85940,N,00756.27880,W,WP076*6F
$GPWPL,5325.86600,N,00756.27040,W,WP077*62
$GPWPL,5325.87800,N,00756.24760,W,WP078*64
$GPWPL,5325.88400,N,00756.23800,W,WP079*68
$GPWPL,5325.89360,N,00756.22420,W,WP080*61
$GPWPL,5325.90080,N,00756.21700,W,WP081*67
$GPWPL,5325.90320,N,00756.21460,W,WP082*68
$GPWPL,5325.90560,N,00756.21220,W,WP083*69
$GPWPL,5325.90980,N,00756.20860,W,WP084*63
$GPWPL,5325.91160,N,00756.20680,W,WP085*65
$GPWPL,5325.91820,N,00756.20260,W,WP086*61
$GPWPL,5325.91880,N,00756.20200,W,WP087*6C
$GPWPL,5325.91880,N,00756.20260,W,WP088*65
$GPWPL,5325.91880,N,00756.20320,W,WP089*61
$GPWPL,5325.91940,N,00756.20320,W,WP090*64
$GPWPL,5325.91940,N,00756.20380,W,WP091*6F
$GPWPL,5325.91940,N,00756.20440,W,WP092*67
$GPWPL,5325.92000,N,00756.20440,W,WP093*68
$GPWPL,5325.92060,N,00756.20500,W,WP094*6C
$GPWPL,5325.92060,N,00756.20560,W,WP095*6B
$GPWPL,5325.92120,N,00756.20560,W,WP096*6D
$GPWPL,5325.92180,N,00756.20620,W,WP097*61
$GPWPL,5325.92240,N,00756.20620,W,WP098*61
$GPWPL,5325.92300,N,00756.20620,W,WP099*65
$GPWPL,5325.92360,N,00756.20620,W,WP100*62
$GPWPL,5325.92420,N,00756.20620,W,WP101*60
$GPWPL,5325.92480,N,00756.20620,W,WP102*69
$GPWPL,5325.92540,N,00756.20620,W,WP103*65
$GPWPL,5325.92540,N,00756.20560,W,WP104*65
$GPWPL,5325.92600,N,00756.20560,W,WP105*63
$GPWPL,5325.92660,N,00756.20500,W,WP106*60
$GPWPL,5325.92660,N,00756.20440,W,WP107*64
$GPWPL,5325.92720,N,00756.20440,W,WP108*6E
$GPWPL,5325.92720,N,00756.20380,W,WP109*64
$GPWPL,5325.92780,N,00756.20380,W,WP110*66
$GPWPL,5325.92780,N,00756.20320,W,WP111*6D
$GPWPL,5325.92840,N,00756.20260,W,WP112*68
$GPWPL,5325.92840,N,00756.20200,W,WP113*6F
$GPWPL,5325.92840,N,00756.20140,W,WP114*6F
$GPWPL,5325.92900,N,00756.20080,W,WP115*66
$GPWPL,5325.92900,N,00756.20020,W,WP116*6F
$GPWPL,5325.92900,N,00756.19960,W,WP117*69
$GPWPL,5325.92900,N,00756.19900,W,WP118*60
$GPWPL,5325.92900,N,00756.19840,W,WP119*64
$GPWPL,5325.92960,N,00756.19840,W,WP120*68
$GPWPL,5325.92960,N,00756.19780,W,WP121*6A
$GPWPL,5325.92960,N,00756.19720,W,WP122*63
$GPWPL,5325.92960,N,00756.19660,W,WP123*67
$GPWPL,5325.92960,N,00756.19600,W,WP124*66
$GPWPL,5325.92960,N,00756.19540,W,WP125*60
$GPWPL,5325.92960,N,00756.19480,W,WP126*6E
$GPWPL,5325.92900,N,00756.19420,W,WP127*63
$GPWPL,5325.92900,N,00756.19360,W,WP128*6F
$GPWPL,5325.92900,N,00756.19300,W,WP129*68
$GPWPL,5325.92900,N,00756.19240,W,WP130*65
$GPWPL,5325.92900,N,00756.19180,W,WP131*6B
$GPWPL,5325.92840,N,00756.19120,W,WP132*67
$GPWPL,5325.92840,N,00756.19060,W,WP133*63
$GPWPL,5325.92780,N,00756.19000,W,WP134*61
$GPWPL,5325.92780,N,00756.18940,W,WP135*6C
$GPWPL,5325.92720,N,00756.18880,W,WP136*68
$GPWPL,5325.92660,N,00756.18820,W,WP137*66
$GPWPL,5325.92660,N,00756.18760,W,WP138*62
$GPWPL,5325.92600,N,00756.18760,W,WP139*65
$GPWPL,5325.92600,N,00756.18700,W,WP140*6D
$GPWPL,5325.92540,N,00756.18700,W,WP141*6B
$GPWPL,5325.92480,N,00756.18700,W,WP142*65
$GPWPL,5325.92480,N,00756.18640,W,WP143*61
$GPWPL,5325.92420,N,00756.18640,W,WP144*6C
$GPWPL,5325.92360,N,00756.18640,W,WP145*6E
$GPWPL,5325.92360,N,00756.18280,W,WP146*65
$GPWPL,5325.91040,N,00756.08800,W,WP147*65
$GPWPL,5325.90620,N,00756.07060,W,WP148*6A
$GPWPL,5325.90020,N,00756.04300,W,WP149*6B
$GPWPL,5325.89600,N,00756.02500,W,WP150*6F
$GPWPL,5325.89300,N,00756.00820,W,WP151*66
$GPWPL,5325.89300,N,00756.00700,W,WP152*68
$GPWPL,5325.89120,N,00755.99380,W,WP153*66
$GPWPL,5325.89060,N,00755.99080,W,WP154*67
$GPWPL,5325.88880,N,00755.97280,W,WP155*6D
$GPWPL,5325.88820,N,00755.96620,W,WP156*6B
$GPWPL,5325.88760,N,00755.95360,W,WP157*63
$GPWPL,5325.88760,N,00755.94400,W,WP158*6C
$GPWPL,5325.88760,N,00755.93320,W,WP159*6F
$GPWPL,5325.88940,N,00755.91700,W,WP160*6D
$GPWPL,5325.89060,N,00755.90680,W,WP161*6E
$GPWPL,5325.89060,N,00755.90620,W,WP162*67
$GPWPL,5325.89360,N,00755.88580,W,WP163*65
$GPWPL,5325.89600,N,00755.85520,W,WP164*66
$GPWPL,5325.89780,N,00755.83060,W,WP165*69
$GPWPL,5325.89840,N,00755.81380,W,WP166*66
$GPWPL,5325.90020,N,00755.79940,W,WP167*60
$GPWPL,5325.89960,N,00755.79100,W,WP168*66
$GPWPL,5325.89900,N,00755.78680,W,WP169*6F
$GPWPL,5325.89780,N,00755.77240,W,WP170*66
$GPWPL,5325.89540,N,00755.75800,W,WP171*65
$GPWPL,5325.89180,N,00755.73940,W,WP172*6D
$GPWPL,5325.88880,N,00755.72440,W,WP173*68
$GPWPL,5325.88700,N,00755.71120,W,WP174*68
$GPWPL,5325.87680,N,00755.66380,W,WP175*61
$GPWPL,5325.87260,N,00755.65360,W,WP176*65
$GPWPL,5325.87260,N,00755.65300,W,WP177*62
$GPWPL,5325.87320,N,00755.65300,W,WP178*68
$GPWPL,5325.87320,N,00755.65240,W,WP179*6C
$GPWPL,5325.87320,N,00755.65180,W,WP180*65
$GPWPL,5325.87320,N,00755.65120,W,WP181*6E
$GPWPL,5325.87320,N,00755.65060,W,WP182*68
$GPWPL,5325.87320,N,00755.65000,W,WP183*6F
$GPWPL,5325.87320,N,00755.64940,W,WP184*64
$GPWPL,5325.87320,N,00755.64880,W,WP185*68
$GPWPL,5325.87260,N,00755.64880,W,WP186*6E
$GPWPL,5325.87260,N,00755.64820,W,WP187*65
$GPWPL,5325.87200,N,00755.64820,W,WP188*6C
$GPWPL,5325.87200,N,00755.64760,W,WP189*66
$GPWPL,5325.87140,N,00755.64760,W,WP190*69
$GPWPL,5325.87080,N,00755.64760,W,WP191*65
$GPWPL,5325.87020,N,00755.64760,W,WP192*6C
$GPWPL,5325.87020,N,00755.64820,W,WP193*66
$GPWPL,5325.86600,N,00755.64040,W,WP194*6A
$GPWPL,5325.84560,N,00755.60920,W,WP195*67
$GPWPL,5325.84380,N,00755.60260,W,WP196*63
$GPWPL,5325.83780,N,00755.58880,W,WP197*6E
$GPWPL,5325.83780,N,00755.58760,W,WP198*60
$GPWPL,5325.83840,N,00755.58640,W,WP199*61
$GPWPL,5325.83840,N,00755.58520,W,WP200*67
$GPWPL,5325.83840,N,00755.58400,W,WP201*65
$GPWPL,5325.83900,N,00755.58220,W,WP202*67
$GPWPL,5325.83900,N,00755.58100,W,WP203*67
$GPWPL,5325.83900,N,00755.57980,W,WP204*6F
$GPWPL,5325.83900,N,00755.57860,W,WP205*61
$GPWPL,5325.83840,N,00755.57740,W,WP206*6A
$GPWPL,5325.83840,N,00755.57620,W,WP207*6C
$GPWPL,5325.83840,N,00755.57500,W,WP208*62
$GPWPL,5325.83780,N,00755.57320,W,WP209*64
$GPWPL,5325.84320,N,00755.55580,W,WP210*6B
$GPWPL,5325.84680,N,00755.54560,W,WP211*6A
$GPWPL,5325.85580,N,00755.52460,W,WP212*6C
$GPWPL,5325.86120,N,00755.51320,W,WP213*60
$GPWPL,5325.86420,N,00755.50600,W,WP214*64
$GPWPL,5325.86720,N,00755.50000,W,WP215*60
$GPWPL,5325.87080,N,00755.49340,W,WP216*60
$GPWPL,5325.87620,N,00755.48140,W,WP217*6E
$GPWPL,5325.88040,N,00755.47360,W,WP218*61
$GPWPL,5325.88460,N,00755.46460,W,WP219*60
$GPWPL,5325.88940,N,00755.45560,W,WP220*67
$GPWPL,5325.89240,N,00755.44900,W,WP221*67
$GPWPL,5325.89780,N,00755.43640,W,WP222*61
$GPWPL,5325.89900,N,00755.43340,W,WP223*63
$GPWPL,5325.90260,N,00755.42320,W,WP224*66
$GPWPL,5325.90620,N,00755.41300,W,WP225*66
$GPWPL,5325.90860,N,00755.40580,W,WP226*60
$GPWPL,5325.91100,N,00755.40040,W,WP227*66
$GPWPL,5325.91580,N,00755.38600,W,WP228*68
$GPWPL,5325.91880,N,00755.37520,W,WP229*6A
$GPWPL,5325.92540,N,00755.35360,W,WP230*60
$GPWPL,5325.92900,N,00755.34280,W,WP231*67
$GPWPL,5325.93080,N,00755.33740,W,WP232*6A
$GPWPL,5325.93380,N,00755.32780,W,WP233*65
$GPWPL,5325.93620,N,00755.32240,W,WP234*64
$GPWPL,5325.93860,N,00755.31580,W,WP235*67
$GPWPL,5325.94100,N,00755.31100,W,WP236*60
$GPWPL,5325.94220,N,00755.30800,W,WP237*68
$GPWPL,5325.94340,N,00755.30560,W,WP238*6B
$GPWPL,5325.95360,N,00755.28580,W,WP239*6E
$GPWPL,5325.96440,N,00755.26480,W,WP240*69
$GPWPL,5325.96680,N,00755.25940,W,WP241*64
$GPWPL,5325.97040,N,00755.25100,W,WP242*60
$GPWPL,5325.97340,N,00755.24380,W,WP243*69
$GPWPL,5325.97580,N,00755.23840,W,WP244*64
$GPWPL,5325.98000,N,00755.22640,W,WP245*68
$GPWPL,5325.98240,N,00755.21980,W,WP246*6D
$GPWPL,5325.98900,N,00755.19880,W,WP247*69
$GPWPL,5325.99020,N,00755.19400,W,WP248*68
$GPWPL,5325.99260,N,00755.18500,W,WP249*6F
$GPWPL,5325.99440,N,00755.18020,W,WP250*64
$GPWPL,5325.99920,N,00755.16340,W,WP251*65
$GPWPL,5326.00100,N,00755.15740,W,WP252*68
$GPWPL,5326.00580,N,00755.13760,W,WP253*61
$GPWPL,5326.00820,N,00755.12440,W,WP254*61
$GPWPL,5326.01000,N,00755.11540,W,WP255*69
$GPWPL,5326.01360,N,00755.09260,W,WP256*63
$GPWPL,5326.01540,N,00755.07640,W,WP257*6E
$GPWPL,5326.01780,N,00755.05960,W,WP258*60
$GPWPL,5326.01960,N,00755.04400,W,WP259*6B
$GPWPL,5326.02140,N,00755.02840,W,WP260*66
$GPWPL,5326.02140,N,00755.01700,W,WP261*6F
$GPWPL,5326.02200,N,00754.99960,W,WP262*63
$GPWPL,5326.02200,N,00754.97560,W,WP263*60
$GPWPL,5326.02260,N,00754.95760,W,WP264*61
$GPWPL,5326.02200,N,00754.93840,W,WP265*6D
$GPWPL,5326.02140,N,00754.92520,W,WP266*63
$GPWPL,5326.02020,N,00754.90600,W,WP267*66
$GPWPL,5326.01780,N,00754.88200,W,WP268*6A
$GPWPL,5326.01180,N,00754.81960,W,WP269*69
$GPWPL,5326.01060,N,00754.80640,W,WP270*62
$GPWPL,5326.00520,N,00754.75480,W,WP271*67
$GPWPL,5325.99560,N,00754.65460,W,WP272*6C
$GPWPL,5325.99320,N,00754.62460,W,WP273*68
$GPWPL,5325.99200,N,00754.61020,W,WP274*6F
$GPWPL,5325.99080,N,00754.59100,W,WP275*6C
$GPWPL,5325.99020,N,00754.57600,W,WP276*6C
$GPWPL,5325.98960,N,00754.57060,W,WP277*61
$GPWPL,5325.98960,N,00754.57000,W,WP278*68
$GPWPL,5325.98900,N,00754.55200,W,WP279*6F
$GPWPL,5325.98900,N,00754.54240,W,WP280*6C
$GPWPL,5325.98900,N,00754.52320,W,WP281*6C
$GPWPL,5325.98900,N,00754.50820,W,WP282*66
$GPWPL,5325.99020,N,00754.49500,W,WP283*6A
$GPWPL,5325.99080,N,00754.48420,W,WP284*65
$GPWPL,5325.99140,N,00754.47940,W,WP285*6D
$GPWPL,5325.99440,N,00754.45900,W,WP286*6D
$GPWPL,5325.99740,N,00754.44100,W,WP287*66
$GPWPL,5325.99800,N,00754.43980,W,WP288*65
$GPWPL,5326.00100,N,00754.42180,W,WP289*67
$GPWPL,5326.00460,N,00754.40740,W,WP290*64
$GPWPL,5326.00520,N,00754.40560,W,WP291*60
$GPWPL,5326.00820,N,00754.39180,W,WP292*6A
$GPWPL,5326.00940,N,00754.38820,W,WP293*6E
$GPWPL,5326.01360,N,00754.37440,W,WP294*65
$GPWPL,5326.01480,N,00754.37140,W,WP295*68
$GPWPL,5326.01600,N,00754.36720,W,WP296*60
$GPWPL,5326.01720,N,00754.36300,W,WP297*64
$GPWPL,5326.02020,N,00754.35400,W,WP298*6B
$GPWPL,5326.02440,N,00754.34380,W,WP299*66
$GPWPL,5326.02620,N,00754.33840,W,WP300*63
$GPWPL,5326.02800,N,00754.33360,W,WP301*67
$GPWPL,5326.02980,N,00754.33000,W,WP302*68
$GPWPL,5326.03160,N,00754.32400,W,WP303*6B
$GPWPL,5326.03580,N,00754.31440,W,WP304*61
$GPWPL,5326.04180,N,00754.30180,W,WP305*6B
$GPWPL,5326.04420,N,00754.29700,W,WP306*61
$GPWPL,5326.04720,N,00754.29220,W,WP307*64
$GPWPL,5326.04900,N,00754.28800,W,WP308*6E
$GPWPL,5326.05080,N,00754.28560,W,WP309*64
$GPWPL,5326.05200,N,00754.28260,W,WP310*61
$GPWPL,5326.05740,N,00754.27180,W,WP311*63
$GPWPL,5326.06340,N,00754.26280,W,WP312*65
$GPWPL,5326.06700,N,00754.25680,W,WP313*63
$GPWPL,5326.07060,N,00754.25200,W,WP314*68
$GPWPL,5326.07300,N,00754.24780,W,WP315*60
$GPWPL,5326.07900,N,00754.24000,W,WP316*66
$GPWPL,5326.08320,N,00754.23460,W,WP317*65
$GPWPL,5326.08380,N,00754.23340,W,WP318*65
$GPWPL,5326.08620,N,00754.23040,W,WP319*68
$GPWPL,5326.08920,N,00754.22740,W,WP320*6B
$GPWPL,5326.09340,N,00754.22200,W,WP321*66
$GPWPL,5326.10240,N,00754.21180,W,WP322*64
$GPWPL,5326.10300,N,00754.21120,W,WP323*6A
$GPWPL,5326.10960,N,00754.20400,W,WP324*67
$GPWPL,5326.11260,N,00754.20100,W,WP325*69
$GPWPL,5326.11620,N,00754.19740,W,WP326*62
$GPWPL,5326.12340,N,00754.19200,W,WP327*62
$GPWPL,5326.12880,N,00754.18720,W,WP328*6C
$GPWPL,5326.13840,N,00754.18000,W,WP329*65
$GPWPL,5326.14740,N,00754.17460,W,WP330*68
$GPWPL,5326.14800,N,00754.17580,W,WP331*6D
$GPWPL,5326.14860,N,00754.17580,W,WP332*68
$GPWPL,5326.14860,N,00754.17640,W,WP333*66
$GPWPL,5326.14920,N,00754.17700,W,WP334*61
$GPWPL,5326.14980,N,00754.17700,W,WP335*6A
$GPWPL,5326.15040,N,00754.17760,W,WP336*6B
$GPWPL,5326.15100,N,00754.17760,W,WP337*6F
$GPWPL,5326.15160,N,00754.17760,W,WP338*66
$GPWPL,5326.15220,N,00754.17760,W,WP339*60
$GPWPL,5326.15280,N,00754.17760,W,WP340*64
$GPWPL,5326.15340,N,00754.17760,W,WP341*68
$GPWPL,5326.15400,N,00754.17760,W,WP342*68
$GPWPL,5326.15460,N,00754.17760,W,WP343*6F
$GPWPL,5326.15520,N,00754.17700,W,WP344*6B
$GPWPL,5326.15580,N,00754.17700,W,WP345*60
$GPWPL,5326.15640,N,00754.17640,W,WP346*69
$GPWPL,5326.15700,N,00754.17580,W,WP347*62
$GPWPL,5326.15760,N,00754.17520,W,WP348*61
$GPWPL,5326.15820,N,00754.17460,W,WP349*6E
$GPWPL,5326.15880,N,00754.17340,W,WP350*69
$GPWPL,5326.15940,N,00754.17280,W,WP351*68
$GPWPL,5326.16000,N,00754.17220,W,WP352*6F
$GPWPL,5326.16000,N,00754.17100,W,WP353*6F
$GPWPL,5326.16060,N,00754.17040,W,WP354*6B
$GPWPL,5326.16060,N,00754.16920,W,WP355*64
$GPWPL,5326.16120,N,00754.16860,W,WP356*67
$GPWPL,5326.16120,N,00754.16740,W,WP357*6B
$GPWPL,5326.16120,N,00754.16620,W,WP358*63
$GPWPL,5326.16120,N,00754.16560,W,WP359*65
$GPWPL,5326.16180,N,00754.16440,W,WP360*66
$GPWPL,5326.16180,N,00754.16320,W,WP361*66
$GPWPL,5326.16180,N,00754.16260,W,WP362*60
$GPWPL,5326.16180,N,00754.16140,W,WP363*60
$GPWPL,5326.16180,N,00754.16020,W,WP364*60
$GPWPL,5326.16120,N,00754.15960,W,WP365*65
$GPWPL,5326.17080,N,00754.14220,W,WP366*62
$GPWPL,5326.17140,N,00754.14160,W,WP367*69
$GPWPL,5326.17320,N,00754.13500,W,WP368*67
$GPWPL,5326.18940,N,00754.11640,W,WP369*60
$GPWPL,5326.19240,N,00754.11280,W,WP370*6A
$GPWPL,5326.20620,N,00754.09780,W,WP371*6F
$GPWPL,5326.20680,N,00754.09720,W,WP372*6C
$GPWPL,5326.23800,N,00754.06480,W,WP373*6E
$GPWPL,5326.25120,N,00754.05100,W,WP374*6A
$GPWPL,5326.25780,N,00754.04380,W,WP375*6C
$GPWPL,5326.26320,N,00754.03720,W,WP376*6B
$GPWPL,5326.26920,N,00754.03060,W,WP377*63
$GPWPL,5326.27460,N,00754.02340,W,WP378*64
$GPWPL,5326.28060,N,00754.01560,W,WP379*69
$GPWPL,5326.28600,N,00754.00720,W,WP380*68
$GPWPL,5326.29260,N,00753.99700,W,WP381*6F
$GPWPL,5326.29920,N,00753.98560,W,WP382*66
$GPWPL,5326.30400,N,00753.97720,W,WP383*69
$GPWPL,5326.30760,N,00753.96940,W,WP384*62
$GPWPL,5326.31240,N,00753.96040,W,WP385*6C
$GPWPL,5326.31660,N,00753.95020,W,WP386*6C
$GPWPL,5326.32200,N,00753.93820,W,WP387*62
$GPWPL,5326.32500,N,00753.93100,W,WP388*61
$GPWPL,5326.32800,N,00753.92260,W,WP389*69
$GPWPL,5326.33040,N,00753.91540,W,WP390*6A
$GPWPL,5326.33220,N,00753.91000,W,WP391*6E
$GPWPL,5326.33340,N,00753.90460,W,WP392*69
$GPWPL,5326.33580,N,00753.89680,W,WP393*66
$GPWPL,5326.33820,N,00753.88900,W,WP394*60
$GPWPL,5326.34060,N,00753.87760,W,WP395*6D
$GPWPL,5326.34360,N,00753.86440,W,WP396*6D
$GPWPL,5326.34780,N,00753.84460,W,WP397*66
$GPWPL,5326.34840,N,00753.84160,W,WP398*6F
$GPWPL,5326.34960,N,00753.83440,W,WP399*6D
$GPWPL,5326.35140,N,00753.82420,W,WP400*66
$GPWPL,5326.35260,N,00753.81640,W,WP401*61
$GPWPL,5326.35320,N,00753.80860,W,WP402*6A
$GPWPL,5326.35500,N,00753.79360,W,WP403*62
$GPWPL,5326.35680,N,00753.77380,W,WP404*6E
$GPWPL,5326.35860,N,00753.75760,W,WP405*67
$GPWPL,5326.35980,N,00753.74080,W,WP406*63
$GPWPL,5326.37180,N,00753.61240,W,WP407*62
$GPWPL,5326.37840,N,00753.53560,W,WP408*6C
$GPWPL,5326.38020,N,00753.52720,W,WP409*6B
$GPWPL,5326.38560,N,00753.47860,W,WP410*6D
$GPWPL,5326.38680,N,00753.46780,W,WP411*61
$GPWPL,5326.38800,N,00753.45820,W,WP412*62
$GPWPL,5326.38920,N,00753.45100,W,WP413*6B
$GPWPL,5326.39100,N,00753.44020,W,WP414*65
$GPWPL,5326.39160,N,00753.43960,W,WP415*68
$GPWPL,5326.39400,N,00753.42820,W,WP416*6C
$GPWPL,5326.39640,N,00753.41620,W,WP417*66
$GPWPL,5326.39880,N,00753.40720,W,WP418*6B
$GPWPL,5326.39940,N,00753.40600,W,WP419*64
$GPWPL,5326.40060,N,00753.39940,W,WP420*6E
$GPWPL,5326.40360,N,00753.38980,W,WP421*61
$GPWPL,5326.40600,N,00753.38260,W,WP422*64
$GPWPL,5326.40960,N,00753.37180,W,WP423*6E
$GPWPL,5326.41620,N,00753.35680,W,WP424*66
$GPWPL,5326.41740,N,00753.35380,W,WP425*65
$GPWPL,5326.42160,N,00753.34480,W,WP426*67
$GPWPL,5326.42520,N,00753.33820,W,WP427*67
$GPWPL,5326.42880,N,00753.33160,W,WP428*62
$GPWPL,5326.43180,N,00753.32620,W,WP429*69
$GPWPL,5326.43240,N,00753.32500,W,WP430*6F
$GPWPL,5326.43780,N,00753.31660,W,WP431*61
$GPWPL,5326.44200,N,00753.31000,W,WP432*68
$GPWPL,5326.45280,N,00753.29560,W,WP433*6A
$GPWPL,5326.46060,N,00753.28840,W,WP434*6C
$GPWPL,5326.46240,N,00753.28660,W,WP435*61
$GPWPL,5326.47140,N,00753.27820,W,WP436*65
$GPWPL,5326.47500,N,00753.27460,W,WP437*6C
$GPWPL,5326.47800,N,00753.27220,W,WP438*6C
$GPWPL,5326.48160,N,00753.26920,W,WP439*67
$GPWPL,5326.48640,N,00753.26620,W,WP440*63
$GPWPL,5326.49120,N,00753.26320,W,WP441*67
$GPWPL,5326.50200,N,00753.25720,W,WP442*6A
$GPWPL,5326.51280,N,00753.25180,W,WP443*6E
$GPWPL,5326.51640,N,00753.25000,W,WP444*68
$GPWPL,5326.51700,N,00753.24940,W,WP445*60
$GPWPL,5326.51820,N,00753.24820,W,WP446*69
$GPWPL,5326.52900,N,00753.24520,W,WP447*65
$GPWPL,5326.55240,N,00753.24160,W,WP448*62
$GPWPL,5326.56320,N,00753.24040,W,WP449*64
$GPWPL,5326.58480,N,00753.23740,W,WP450*6F
$GPWPL,5326.61120,N,00753.23620,W,WP451*6C
$GPWPL,5326.62980,N,00753.23500,W,WP452*6F
$GPWPL,5326.63880,N,00753.23440,W,WP453*6B
$GPWPL,5326.65920,N,00753.23260,W,WP454*65
$GPWPL,5326.66880,N,00753.23080,W,WP455*60
$GPWPL,5326.68080,N,00753.23080,W,WP456*65
$GPWPL,5326.68980,N,00753.23200,W,WP457*67
$GPWPL,5326.69520,N,00753.23320,W,WP458*6C
$GPWPL,5326.69940,N,00753.23380,W,WP459*6D
$GPWPL,5326.71440,N,00753.23740,W,WP460*6B
$GPWPL,5326.72520,N,00753.24040,W,WP461*6E
$GPWPL,5326.74080,N,00753.24460,W,WP462*62
$GPWPL,5326.76360,N,00753.25060,W,WP463*69
$GPWPL,5326.77560,N,00753.25420,W,WP464*69
$GPWPL,5326.77680,N,00753.25480,W,WP465*6F
$GPWPL,5326.78160,N,00753.25660,W,WP466*66
$GPWPL,5326.78400,N,00753.25780,W,WP467*6B
$GPWPL,5326.79300,N,00753.26200,W,WP468*6C
$GPWPL,5326.80500,N,00753.26860,W,WP469*61
$GPWPL,5326.81340,N,00753.27520,W,WP470*62
$GPWPL,5326.82420,N,00753.28360,W,WP471*6C
$GPWPL,5326.83380,N,00753.29200,W,WP472*65
$GPWPL,5326.84580,N,00753.30160,W,WP473*68
$GPWPL,5326.85900,N,00753.31300,W,WP474*6F
$GPWPL,5326.86680,N,00753.31900,W,WP475*60
$GPWPL,5326.87160,N,00753.32200,W,WP476*63
$GPWPL,5326.87400,N,00753.32380,W,WP477*68
$GPWPL,5326.87760,N,00753.32500,W,WP478*6C
$GPWPL,5326.88060,N,00753.32560,W,WP479*63
$GPWPL,5326.88300,N,00753.32560,W,WP480*60
$GPWPL,5326.88480,N,00753.32500,W,WP481*68
$GPWPL,5326.88600,N,00753.32440,W,WP482*64
$GPWPL,5326.88720,N,00753.32320,W,WP483*67
$GPWPL,5326.88840,N,00753.32260,W,WP484*6C
$GPWPL,5326.89020,N,00753.32080,W,WP485*6E
$GPWPL,5326.89440,N,00753.31660,W,WP486*64
$GPWPL,5326.91000,N,00753.29140,W,WP487*60
$GPWPL,5326.91720,N,00753.27940,W,WP488*6C
$GPWPL,5326.92020,N,00753.27400,W,WP489*60
$GPWPL,5326.92440,N,00753.26860,W,WP490*61
$GPWPL,5326.92980,N,00753.26140,W,WP491*6A
$GPWPL,5326.93640,N,00753.25480,W,WP492*61
$GPWPL,5326.94960,N,00753.24160,W,WP493*60
$GPWPL,5326.96520,N,00753.22600,W,WP494*6A
$GPWPL,5326.97480,N,00753.21640,W,WP495*66
$GPWPL,5326.97660,N,00753.21460,W,WP496*69
$GPWPL,5326.98020,N,00753.21100,W,WP497*66
$GPWPL,5326.98200,N,00753.20980,W,WP498*68
$GPWPL,5326.98260,N,00753.20860,W,WP499*60
$GPWPL,5326.98500,N,00753.20680,W,WP500*60
$GPWPL,5326.99160,N,00753.20140,W,WP501*69
$GPWPL,5326.99280,N,00753.20020,W,WP502*60
$GPWPL,5326.99640,N,00753.19720,W,WP503*64
$GPWPL,5327.00240,N,00753.19300,W,WP504*60
$GPWPL,5327.00300,N,00753.19300,W,WP505*64
$GPWPL,5327.00360,N,00753.19240,W,WP506*64
$GPWPL,5327.01500,N,00753.18520,W,WP507*64
$GPWPL,5327.02700,N,00753.17740,W,WP508*61
$GPWPL,5327.03600,N,00753.16960,W,WP509*6D
$GPWPL,5327.04440,N,00753.16060,W,WP510*6D
$GPWPL,5327.05340,N,00753.14920,W,WP511*65
$GPWPL,5327.06420,N,00753.13600,W,WP512*6E
$GPWPL,5327.10380,N,00753.08140,W,WP513*6C
$GPWPL,5327.12720,N,00753.04900,W,WP514*67
$GPWPL,5327.13080,N,00753.04480,W,WP515*6F
$GPWPL,5327.14880,N,00753.02140,W,WP516*6C
$GPWPL,5327.15600,N,00753.01120,W,WP517*6F
$GPWPL,5327.17220,N,00752.98840,W,WP518*6A
$GPWPL,5327.18840,N,00752.96500,W,WP519*6F
$GPWPL,5327.19320,N,00752.95900,W,WP520*66
$GPWPL,5327.21240,N,00752.93080,W,WP521*6C
$GPWPL,5327.22620,N,00752.91100,W,WP522*65
$GPWPL,5327.22920,N,00752.90680,W,WP523*65
$GPWPL,5327.22980,N,00752.90560,W,WP524*65
$GPWPL,5327.23520,N,00752.89840,W,WP525*64
$GPWPL,5327.23760,N,00752.89480,W,WP526*61
$GPWPL,5327.24000,N,00752.89180,W,WP527*63
$GPWPL,5327.24600,N,00752.88280,W,WP528*68
$GPWPL,5327.26100,N,00752.86240,W,WP529*6E
$GPWPL,5327.27480,N,00752.84380,W,WP530*65
$GPWPL,5327.27720,N,00752.84080,W,WP531*6E
$GPWPL,5327.27900,N,00752.83840,W,WP532*62
$GPWPL,5327.28320,N,00752.83240,W,WP533*6E
$GPWPL,5327.28680,N,00752.82820,W,WP534*6B
$GPWPL,5327.29340,N,00752.81920,W,WP535*60
$GPWPL,5327.30480,N,00752.80360,W,WP536*6F
$GPWPL,5327.31860,N,00752.78560,W,WP537*6C
$GPWPL,5327.32460,N,00752.77780,W,WP538*6F
$GPWPL,5327.34560,N,00752.74840,W,WP539*69
$GPWPL,5327.36120,N,00752.72620,W,WP540*6B
$GPWPL,5327.36840,N,00752.71840,W,WP541*6E
$GPWPL,5327.37320,N,00752.71480,W,WP542*61
$GPWPL,5327.37800,N,00752.71120,W,WP543*66
$GPWPL,5327.38220,N,00752.70880,W,WP544*64
$GPWPL,5327.38760,N,00752.70640,W,WP545*66
$GPWPL,5327.40080,N,00752.70220,W,WP546*61
$GPWPL,5327.41700,N,00752.69860,W,WP547*68
$GPWPL,5327.43380,N,00752.69560,W,WP548*64
$GPWPL,5327.43560,N,00752.69500,W,WP549*6B
$GPWPL,5327.48300,N,00752.68660,W,WP550*6C
$GPWPL,5327.52620,N,00752.67760,W,WP551*6F
$GPWPL,5327.53040,N,00752.67640,W,WP552*6E
$GPWPL,5327.54060,N,00752.67340,W,WP553*6F
$GPWPL,5327.54780,N,00752.67040,W,WP554*62
$GPWPL,5327.55620,N,00752.66680,W,WP555*62
$GPWPL,5327.56400,N,00752.66020,W,WP556*6E
$GPWPL,5327.57180,N,00752.65420,W,WP557*64
$GPWPL,5327.57960,N,00752.64400,W,WP558*6E
$GPWPL,5327.58380,N,00752.63920,W,WP559*6C
$GPWPL,5327.60840,N,00752.60560,W,WP560*61
$GPWPL,5327.62460,N,00752.58340,W,WP561*63
$GPWPL,5327.66660,N,00752.52460,W,WP562*69
$GPWPL,5327.69180,N,00752.48920,W,WP563*6C
$GPWPL,5327.70800,N,00752.46760,W,WP564*66
$GPWPL,5327.71040,N,00752.46400,W,WP565*6F
$GPWPL,5327.73800,N,00752.42740,W,WP566*61
$GPWPL,5327.76020,N,00752.39620,W,WP567*64
$GPWPL,5327.76620,N,00752.38720,W,WP568*6D
$GPWPL,5327.76860,N,00752.38420,W,WP569*65
$GPWPL,5327.79320,N,00752.35000,W,WP570*66
$GPWPL,5327.80880,N,00752.32840,W,WP571*6B
$GPWPL,5327.81180,N,00752.32420,W,WP572*6A
$GPWPL,5327.81720,N,00752.31700,W,WP573*65
$GPWPL,5327.82560,N,00752.30500,W,WP574*64
$GPWPL,5327.82680,N,00752.30320,W,WP575*6C
$GPWPL,5327.83280,N,00752.29540,W,WP576*62
$GPWPL,5327.85200,N,00752.26900,W,WP577*6A
$GPWPL,5327.87720,N,00752.23540,W,WP578*6D
$GPWPL,5327.90360,N,00752.20180,W,WP579*61
$GPWPL,5327.91920,N,00752.18200,W,WP580*68
$GPWPL,5327.92640,N,00752.17300,W,WP581*6D
$GPWPL,5327.94320,N,00752.15080,W,WP582*62
$GPWPL,5327.97080,N,00752.11540,W,WP583*64
$GPWPL,5328.01220,N,00752.06140,W,WP584*69
$GPWPL,5328.01460,N,00752.05840,W,WP585*60
$GPWPL,5328.01700,N,00752.05540,W,WP586*6B
$GPWPL,5328.03620,N,00752.03020,W,WP587*6E
$GPWPL,5328.07400,N,00751.98160,W,WP588*61
$GPWPL,5328.07580,N,00751.97860,W,WP589*6F
$GPWPL,5328.07820,N,00751.97560,W,WP590*6D
$GPWPL,5328.08000,N,00751.97260,W,WP591*6E
$GPWPL,5328.09260,N,00751.95640,W,WP592*6C
$GPWPL,5328.10220,N,00751.94380,W,WP593*69
$GPWPL,5328.10520,N,00751.94080,W,WP594*6A
$GPWPL,5328.13340,N,00751.90420,W,WP595*62
$GPWPL,5328.13820,N,00751.89760,W,WP596*63
$GPWPL,5328.14060,N,00751.89460,W,WP597*6A
$GPWPL,5328.14360,N,00751.89100,W,WP598*65
$GPWPL,5328.15920,N,00751.87060,W,WP599*62
$GPWPL,5328.16700,N,00751.85980,W,WP600*6B
$GPWPL,5328.17540,N,00751.84780,W,WP601*62
$GPWPL,5328.18260,N,00751.83880,W,WP602*63
$GPWPL,5328.18560,N,00751.83640,W,WP603*67
$GPWPL,5328.18740,N,00751.83520,W,WP604*65
$GPWPL,5328.18980,N,00751.83400,W,WP605*65
$GPWPL,5328.20480,N,00751.83580,W,WP606*69
$GPWPL,5328.22340,N,00751.83700,W,WP607*6B
$GPWPL,5328.27020,N,00751.83760,W,WP608*62
$GPWPL,5328.28400,N,00751.83640,W,WP609*69
$GPWPL,5328.29540,N,00751.83700,W,WP610*60
$GPWPL,5328.31640,N,00751.84120,W,WP611*68
$GPWPL,5328.33560,N,00751.84120,W,WP612*68
$GPWPL,5328.34940,N,00751.84120,W,WP613*60
$GPWPL,5328.35300,N,00751.84120,W,WP614*68
$GPWPL,5328.36740,N,00751.84000,W,WP615*69
$GPWPL,5328.37220,N,00751.83940,W,WP616*62
$GPWPL,5328.37880,N,00751.83820,W,WP617*64
$GPWPL,5328.38480,N,00751.83580,W,WP618*6F
$GPWPL,5328.39200,N,00751.83160,W,WP619*6B
$GPWPL,5328.39440,N,00751.82980,W,WP620*64
$GPWPL,5328.40700,N,00751.81960,W,WP621*61
$GPWPL,5328.41600,N,00751.81000,W,WP622*6D
$GPWPL,5328.44000,N,00751.79080,W,WP623*60
$GPWPL,5328.45080,N,00751.78180,W,WP624*6E
$GPWPL,5328.46100,N,00751.79560,W,WP625*6E
$GPWPL,5328.46460,N,00751.79980,W,WP626*6C
$GPWPL,5328.47180,N,00751.80940,W,WP627*6D
$GPWPL,5328.47720,N,00751.81780,W,WP628*6D
$GPWPL,5328.48020,N,00751.82380,W,WP629*63
$GPWPL,5328.48560,N,00751.83340,W,WP630*67
$GPWPL,5328.49160,N,00751.84900,W,WP631*6A
$GPWPL,5328.49460,N,00751.85500,W,WP632*61
$GPWPL,5328.50360,N,00751.87840,W,WP633*64
$GPWPL,5328.50660,N,00751.88500,W,WP634*60
$GPWPL,5328.50960,N,00751.89280,W,WP635*60
$GPWPL,5328.51200,N,00751.89940,W,WP636*68
$GPWPL,5328.52040,N,00751.91680,W,WP637*66
$GPWPL,5328.52160,N,00751.91980,W,WP638*65
$GPWPL,5328.53000,N,00751.93600,W,WP639*67
$GPWPL,5328.52100,N,00751.96300,W,WP640*69
$GPWPL,5328.51320,N,00751.99600,W,WP641*61
$GPWPL,5328.50840,N,00752.01760,W,WP642*6B
$GPWPL,5328.49640,N,00752.04760,W,WP643*69
$GPWPL,5328.49460,N,00752.05660,W,WP644*6E
$GPWPL,5328.49160,N,00752.07280,W,WP645*62
$GPWPL,5328.48740,N,00752.09140,W,WP646*65
$GPWPL,5328.48620,N,00752.09560,W,WP647*65
$GPWPL,5328.48200,N,00752.10400,W,WP648*63
$GPWPL,5328.48200,N,00752.10400,W,GALVIN*45
$GPWPL,5328.48620,N,00752.09560,W,WP649*6B
$GPWPL,5328.48740,N,00752.09140,W,WP650*62
$GPWPL,5328.49160,N,00752.07280,W,WP651*67
$GPWPL,5328.49460,N,00752.05660,W,WP652*69
$GPWPL,5328.49640,N,00752.04760,W,WP653*68
$GPWPL,5328.50840,N,00752.01760,W,WP654*6C
$GPWPL,5328.51320,N,00751.99600,W,WP655*64
$GPWPL,5328.52100,N,00751.96300,W,WP656*6E
$GPWPL,5328.53000,N,00751.93600,W,WP657*6F
$GPWPL,5328.52160,N,00751.91980,W,WP658*63
$GPWPL,5328.52040,N,00751.91680,W,WP659*6E
$GPWPL,5328.51200,N,00751.89940,W,WP660*6B
$GPWPL,5328.50960,N,00751.89280,W,WP661*61
$GPWPL,5328.50660,N,00751.88500,W,WP662*63
$GPWPL,5328.50360,N,00751.87840,W,WP663*61
$GPWPL,5328.49460,N,00751.85500,W,WP664*62
$GPWPL,5328.49160,N,00751.84900,W,WP665*6B
$GPWPL,5328.48560,N,00751.83340,W,WP666*64
$GPWPL,5328.48020,N,00751.82380,W,WP667*69
$GPWPL,5328.47720,N,00751.81780,W,WP668*69
$GPWPL,5328.47180,N,00751.80940,W,WP669*67
$GPWPL,5328.46460,N,00751.79980,W,WP670*6F
$GPWPL,5328.46100,N,00751.79560,W,WP671*6F
$GPWPL,5328.45080,N,00751.78180,W,WP672*6D
$GPWPL,5328.44000,N,00751.79080,W,WP673*65
$GPWPL,5328.41600,N,00751.81000,W,WP674*6E
$GPWPL,5328.41660,N,00751.80460,W,WP675*6A
$GPWPL,5328.41720,N,00751.79920,W,WP676*63
$GPWPL,5328.41780,N,00751.79440,W,WP677*63
$GPWPL,5328.41960,N,00751.78840,W,WP678*61
$GPWPL,5328.42020,N,00751.78660,W,WP679*62
$GPWPL,5328.42380,N,00751.77880,W,WP680*62
$GPWPL,5328.43460,N,00751.75300,W,WP681*6A
$GPWPL,5328.45380,N,00751.70620,W,WP682*64
$GPWPL,5328.46340,N,00751.68340,W,WP683*60
$GPWPL,5328.47660,N,00751.65160,W,WP684*6C
$GPWPL,5328.48020,N,00751.64140,W,WP685*63
$GPWPL,5328.50060,N,00751.59880,W,WP686*66
$GPWPL,5328.50300,N,00751.59220,W,WP687*62
$GPWPL,5328.52040,N,00751.54600,W,WP688*63
$GPWPL,5328.53420,N,00751.50220,W,WP689*63
$GPWPL,5328.54260,N,00751.47160,W,WP690*6F
$GPWPL,5328.54860,N,00751.44520,W,WP691*67
$GPWPL,5328.55580,N,00751.41220,W,WP692*64
$GPWPL,5328.56360,N,00751.37260,W,WP693*6B
$GPWPL,5328.57020,N,00751.34260,W,WP694*69
$GPWPL,5328.57920,N,00751.28800,W,WP695*60
$GPWPL,5328.58580,N,00751.23700,W,WP696*6E
$GPWPL,5328.59000,N,00751.19620,W,WP697*69
$GPWPL,5328.59720,N,00751.13200,W,WP698*6F
$GPWPL,5328.59900,N,00751.08340,W,WP699*6D
$GPWPL,5328.59960,N,00751.04680,W,WP700*6F
$GPWPL,5328.59900,N,00751.02460,W,WP701*62
$GPWPL,5328.59840,N,00751.00960,W,WP702*6B
$GPWPL,5328.59720,N,00750.98920,W,WP703*67
$GPWPL,5328.59480,N,00750.96040,W,WP704*68
$GPWPL,5328.59420,N,00750.95380,W,WP705*6F
$GPWPL,5328.59120,N,00750.92560,W,WP706*66
$GPWPL,5328.58760,N,00750.89380,W,WP707*66
$GPWPL,5328.58400,N,00750.86740,W,WP708*6B
$GPWPL,5328.58340,N,00750.86440,W,WP709*6A
$GPWPL,5328.57740,N,00750.83500,W,WP710*69
$GPWPL,5328.56120,N,00750.77620,W,WP711*63
$GPWPL,5328.54200,N,00750.71680,W,WP712*6F
$GPWPL,5328.54080,N,00750.71320,W,WP713*6B
$GPWPL,5328.53720,N,00750.70060,W,WP714*60
$GPWPL,5328.53540,N,00750.69640,W,WP715*69
$GPWPL,5328.50660,N,00750.60820,W,WP716*69
$GPWPL,5328.48560,N,00750.56260,W,WP717*69
$GPWPL,5328.47960,N,00750.54820,W,WP718*69
$GPWPL,5328.47720,N,00750.54340,W,WP719*6F
$GPWPL,5328.46460,N,00750.52180,W,WP720*6B
$GPWPL,5328.45680,N,00750.50920,W,WP721*65
$GPWPL,5328.45200,N,00750.50080,W,WP722*69
$GPWPL,5328.44000,N,00750.48640,W,WP723*68
$GPWPL,5328.42500,N,00750.46900,W,WP724*69
$GPWPL,5328.41060,N,00750.45340,W,WP725*65
$GPWPL,5328.39440,N,00750.43780,W,WP726*61
$GPWPL,5328.37460,N,00750.41860,W,WP727*6F
$GPWPL,5328.34520,N,00750.39700,W,WP728*60
$GPWPL,5328.33740,N,00750.39160,W,WP729*62
$GPWPL,5328.32900,N,00750.37300,W,WP730*6B
$GPWPL,5328.31760,N,00750.34300,W,WP731*62
$GPWPL,5328.30740,N,00750.31600,W,WP732*62
$GPWPL,5328.29120,N,00750.27400,W,WP733*6E
$GPWPL,5328.28280,N,00750.25300,W,WP734*64
$GPWPL,5328.26060,N,00750.19420,W,WP735*6D
$GPWPL,5328.25340,N,00750.17680,W,WP736*6A
$GPWPL,5328.19940,N,00750.03820,W,WP737*6F
$GPWPL,5328.18740,N,00750.00880,W,WP738*66
$GPWPL,5328.15200,N,00749.91640,W,WP739*69
$GPWPL,5328.14540,N,00749.90020,W,WP740*64
$GPWPL,5328.12260,N,00749.84380,W,WP741*6A
$GPWPL,5328.09980,N,00749.78620,W,WP742*6A
$GPWPL,5328.07580,N,00749.72380,W,WP743*6C
$GPWPL,5328.06560,N,00749.69740,W,WP744*66
$GPWPL,5328.00740,N,00749.54860,W,WP745*62
$GPWPL,5328.00320,N,00749.53840,W,WP746*66
$GPWPL,5327.99720,N,00749.52280,W,WP747*6B
$GPWPL,5327.99480,N,00749.51680,W,WP748*6A
$GPWPL,5327.96780,N,00749.44720,W,WP749*68
$GPWPL,5327.95040,N,00749.40100,W,WP750*68
$GPWPL,5327.93360,N,00749.35900,W,WP751*64
$GPWPL,5327.92760,N,00749.34340,W,WP752*6D
$GPWPL,5327.90540,N,00749.28700,W,WP753*63
$GPWPL,5327.89760,N,00749.26840,W,WP754*69
$GPWPL,5327.89160,N,00749.25340,W,WP755*66
$GPWPL,5327.89160,N,00749.25280,W,WP756*68
$GPWPL,5327.88020,N,00749.22280,W,WP757*6A
$GPWPL,5327.87720,N,00749.21560,W,WP758*67
$GPWPL,5327.87420,N,00749.20720,W,WP759*62
$GPWPL,5327.87060,N,00749.19760,W,WP760*66
$GPWPL,5327.86580,N,00749.18440,W,WP761*6D
$GPWPL,5327.85920,N,00749.17000,W,WP762*64
$GPWPL,5327.85560,N,00749.16280,W,WP763*66
$GPWPL,5327.85380,N,00749.15980,W,WP764*61
$GPWPL,5327.84840,N,00749.15260,W,WP765*63
$GPWPL,5327.84120,N,00749.14300,W,WP766*69
$GPWPL,5327.83400,N,00749.13280,W,WP767*66
$GPWPL,5327.82080,N,00749.11660,W,WP768*6C
$GPWPL,5327.81960,N,00749.11480,W,WP769*65
$GPWPL,5327.81120,N,00749.10340,W,WP770*6B
$GPWPL,5327.80400,N,00749.09320,W,WP771*62
$GPWPL,5327.80280,N,00749.09200,W,WP772*6C
$GPWPL,5327.79260,N,00749.07880,W,WP773*69
$GPWPL,5327.76980,N,00749.04820,W,WP774*6D
$GPWPL,5327.76020,N,00749.03620,W,WP775*66
$GPWPL,5327.75180,N,00749.02480,W,WP776*64
$GPWPL,5327.74760,N,00749.01940,W,WP777*6E
$GPWPL,5327.73800,N,00749.00620,W,WP778*67
$GPWPL,5327.73380,N,00749.00080,W,WP779*69
$GPWPL,5327.72180,N,00748.98460,W,WP780*66
$GPWPL,5327.70740,N,00748.96540,W,WP781*62
$GPWPL,5327.69660,N,00748.95160,W,WP782*6F
$GPWPL,5327.68760,N,00748.93900,W,WP783*66
$GPWPL,5327.67860,N,00748.92760,W,WP784*68
$GPWPL,5327.67500,N,00748.92460,W,WP785*61
$GPWPL,5327.66840,N,00748.94260,W,WP786*6A
$GPWPL,5327.66060,N,00748.93360,W,WP787*67
$GPWPL,5327.65640,N,00748.92760,W,WP788*6A
$GPWPL,5327.65400,N,00748.92280,W,WP789*66
$GPWPL,5327.65040,N,00748.91620,W,WP790*63
$GPWPL,5327.64500,N,00748.90360,W,WP791*62
$GPWPL,5327.64020,N,00748.89160,W,WP792*6C
$GPWPL,5327.62520,N,00748.85980,W,WP793*64
$GPWPL,5327.62100,N,00748.85260,W,WP794*60
$GPWPL,5327.61680,N,00748.84600,W,WP795*6E
$GPWPL,5327.61260,N,00748.83940,W,WP796*6B
$GPWPL,5327.60900,N,00748.83400,W,WP797*6F
$GPWPL,5327.60600,N,00748.83100,W,WP798*6A
$GPWPL,5327.59880,N,00748.82140,W,WP799*62
$GPWPL,5327.59280,N,00748.81360,W,WP800*64
$GPWPL,5327.58140,N,00748.79860,W,WP801*67
$GPWPL,5327.57720,N,00748.79320,W,WP802*64
$GPWPL,5327.56880,N,00748.78180,W,WP803*68
$GPWPL,5327.56220,N,00748.77220,W,WP804*69
$GPWPL,5327.55260,N,00748.75900,W,WP805*64
$GPWPL,5327.55140,N,00748.75720,W,WP806*6A
$GPWPL,5327.54420,N,00748.74700,W,WP807*6A
$GPWPL,5327.54000,N,00748.74160,W,WP808*63
$GPWPL,5327.53460,N,00748.73380,W,WP809*6C
$GPWPL,5327.52980,N,00748.72660,W,WP810*6C
$GPWPL,5327.52620,N,00748.72180,W,WP811*61
$GPWPL,5327.51780,N,00748.70980,W,WP812*60
$GPWPL,5327.50160,N,00748.68700,W,WP813*67
$GPWPL,5327.49440,N,00748.67680,W,WP814*69
$GPWPL,5327.49080,N,00748.67140,W,WP815*6B
$GPWPL,5327.48840,N,00748.66660,W,WP816*69
$GPWPL,5327.48660,N,00748.66300,W,WP817*67
$GPWPL,5327.48540,N,00748.66060,W,WP818*6C
$GPWPL,5327.48360,N,00748.65640,W,WP819*6E
$GPWPL,5327.48120,N,00748.64980,W,WP820*60
$GPWPL,5327.48000,N,00748.64680,W,WP821*6D
$GPWPL,5327.48000,N,00748.64500,W,WP822*65
$GPWPL,5327.47760,N,00748.63840,W,WP823*64
$GPWPL,5327.47640,N,00748.63240,W,WP824*6A
$GPWPL,5327.47580,N,00748.63060,W,WP825*64
$GPWPL,5327.47400,N,00748.62160,W,WP826*6E
$GPWPL,5327.47280,N,00748.61680,W,WP827*6B
$GPWPL,5327.47280,N,00748.61560,W,WP828*69
$GPWPL,5327.47160,N,00748.61080,W,WP829*6E
$GPWPL,5327.47100,N,00748.60780,W,WP830*66
$GPWPL,5327.46980,N,00748.60420,W,WP831*6F
$GPWPL,5327.46860,N,00748.60000,W,WP832*65
$GPWPL,5327.46740,N,00748.59820,W,WP833*69
$GPWPL,5327.46500,N,00748.59220,W,WP834*62
$GPWPL,5327.46260,N,00748.58620,W,WP835*67
$GPWPL,5327.45960,N,00748.58080,W,WP836*60
$GPWPL,5327.45660,N,00748.57600,W,WP837*6F
$GPWPL,5327.45420,N,00748.57300,W,WP838*63
$GPWPL,5327.45360,N,00748.57240,W,WP839*64
$GPWPL,5327.45300,N,00748.57060,W,WP840*6C
$GPWPL,5327.44820,N,00748.56460,W,WP841*60
$GPWPL,5327.43800,N,00748.55020,W,WP842*65
$GPWPL,5327.43140,N,00748.53940,W,WP843*60
$GPWPL,5327.42540,N,00748.53100,W,WP844*6E
$GPWPL,5327.41280,N,00748.50700,W,WP845*62
$GPWPL,5327.40680,N,00748.49680,W,WP846*65
$GPWPL,5327.40380,N,00748.49140,W,WP847*6A
$GPWPL,5327.39960,N,00748.48480,W,WP848*67
$GPWPL,5327.39240,N,00748.47700,W,WP849*6B
$GPWPL,5327.38100,N,00748.46560,W,WP850*60
$GPWPL,5327.37080,N,00748.45540,W,WP851*66
$GPWPL,5327.34920,N,00748.43380,W,WP852*69
$GPWPL,5327.33720,N,00748.42120,W,WP853*68
$GPWPL,5327.33300,N,00748.41700,W,WP854*6E
$GPWPL,5327.32100,N,00748.40380,W,WP855*61
$GPWPL,5327.30420,N,00748.38580,W,WP856*6E
$GPWPL,5327.28620,N,00748.36720,W,WP857*62
$GPWPL,5327.26940,N,00748.34920,W,WP858*66
$GPWPL,5327.26040,N,00748.33960,W,WP859*6D
$GPWPL,5327.25920,N,00748.33900,W,WP860*6D
$GPWPL,5327.22260,N,00748.29940,W,WP861*6B
$GPWPL,5327.20160,N,00748.27720,W,WP862*6F
$GPWPL,5327.17580,N,00748.24900,W,WP863*6F
$GPWPL,5327.15840,N,00748.23160,W,WP864*62
$GPWPL,5327.14220,N,00748.21480,W,WP865*67
$GPWPL,5327.14160,N,00748.21360,W,WP866*6A
$GPWPL,5327.13980,N,00748.21240,W,WP867*69
$GPWPL,5327.11940,N,00748.19140,W,WP868*60
$GPWPL,5327.10440,N,00748.17640,W,WP869*64
$GPWPL,5327.09180,N,00748.16260,W,WP870*6A
$GPWPL,5327.07860,N,00748.15000,W,WP871*65
$GPWPL,5327.07200,N,00748.14340,W,WP872*6C
$GPWPL,5327.07020,N,00748.14160,W,WP873*6D
$GPWPL,5327.06540,N,00748.13620,W,WP874*6C
$GPWPL,5327.05700,N,00748.12720,W,WP875*68
$GPWPL,5327.04860,N,00748.11760,W,WP876*64
$GPWPL,5327.04080,N,00748.10980,W,WP877*62
$GPWPL,5327.03960,N,00748.10860,W,WP878*62
$GPWPL,5327.03240,N,00748.10140,W,WP879*61
$GPWPL,5327.02460,N,00748.09240,W,WP880*69
$GPWPL,5327.01860,N,00748.08580,W,WP881*6D
$GPWPL,5327.01260,N,00748.07980,W,WP882*67
$GPWPL,5327.01140,N,00748.07860,W,WP883*68
$GPWPL,5327.00600,N,00748.07380,W,WP884*68
$GPWPL,5327.00240,N,00748.07140,W,WP885*67
$GPWPL,5326.99940,N,00748.06840,W,WP886*66
$GPWPL,5326.99520,N,00748.06600,W,WP887*67
$GPWPL,5326.99160,N,00748.06360,W,WP888*6B
$GPWPL,5326.99100,N,00748.06300,W,WP889*6A
$GPWPL,5326.99040,N,00748.06300,W,WP890*67
$GPWPL,5326.98680,N,00748.06060,W,WP891*68
$GPWPL,5326.98140,N,00748.05760,W,WP892*64
$GPWPL,5326.98020,N,00748.05700,W,WP893*64
$GPWPL,5326.97840,N,00748.05580,W,WP894*68
$GPWPL,5326.96880,N,00748.05100,W,WP895*68
$GPWPL,5326.96160,N,00748.04680,W,WP896*62
$GPWPL,5326.95440,N,00748.04320,W,WP897*68
$GPWPL,5326.94960,N,00748.04020,W,WP898*6A
$GPWPL,5326.94300,N,00748.03600,W,WP899*64
$GPWPL,5326.93460,N,00748.03000,W,WP900*65
$GPWPL,5326.92980,N,00748.02640,W,WP901*65
$GPWPL,5326.92740,N,00748.02520,W,WP902*61
$GPWPL,5326.92080,N,00748.02040,W,WP903*68
$GPWPL,5326.92020,N,00748.01980,W,WP904*63
$GPWPL,5326.91180,N,00748.01380,W,WP905*60
$GPWPL,5326.90700,N,00748.01020,W,WP906*65
$GPWPL,5326.90220,N,00748.00660,W,WP907*60
$GPWPL,5326.89740,N,00748.00240,W,WP908*62
$GPWPL,5326.88960,N,00747.99580,W,WP909*6A
$GPWPL,5326.88420,N,00747.99100,W,WP910*67
$GPWPL,5326.87940,N,00747.98620,W,WP911*66
$GPWPL,5326.87460,N,00747.98140,W,WP912*6B
$GPWPL,5326.86740,N,00747.97300,W,WP913*63
$GPWPL,5326.86680,N,00747.97180,W,WP914*63
$GPWPL,5326.86080,N,00747.96460,W,WP915*6E
$GPWPL,5326.85660,N,00747.95800,W,WP916*6F
$GPWPL,5326.85360,N,00747.95440,W,WP917*63
$GPWPL,5326.84820,N,00747.94780,W,WP918*6C
$GPWPL,5326.84520,N,00747.94420,W,WP919*69
$GPWPL,5326.84340,N,00747.94300,W,WP920*66
$GPWPL,5326.84220,N,00747.94120,W,WP921*60
$GPWPL,5326.83740,N,00747.93820,W,WP922*69
$GPWPL,5326.83380,N,00747.93520,W,WP923*6D
$GPWPL,5326.82840,N,00747.93280,W,WP924*61
$GPWPL,5326.82420,N,00747.93040,W,WP925*64
$GPWPL,5326.82060,N,00747.92860,W,WP926*6C
$GPWPL,5326.81820,N,00747.92800,W,WP927*64
$GPWPL,5326.81580,N,00747.92740,W,WP928*67
$GPWPL,5326.81340,N,00747.92740,W,WP929*6C
$GPWPL,5326.81040,N,00747.92680,W,WP930*6A
$GPWPL,5326.80620,N,00747.92620,W,WP931*60
$GPWPL,5326.80080,N,00747.92560,W,WP932*68
$GPWPL,5326.80020,N,00747.92560,W,WP933*63
$GPWPL,5326.79180,N,00747.92500,W,WP934*6F
$GPWPL,5326.78340,N,00747.92500,W,WP935*61
$GPWPL,5326.77620,N,00747.92440,W,WP936*6B
$GPWPL,5326.77320,N,00747.92440,W,WP937*6F
$GPWPL,5326.76480,N,00747.92380,W,WP938*67
$GPWPL,5326.74680,N,00747.92320,W,WP939*6C
$GPWPL,5326.74620,N,00747.92260,W,WP940*6D
$GPWPL,5326.73360,N,00747.92200,W,WP941*6C
$GPWPL,5326.71800,N,00747.92140,W,WP942*67
$GPWPL,5326.71020,N,00747.92140,W,WP943*6C
$GPWPL,5326.70480,N,00747.92140,W,WP944*64
$GPWPL,5326.70180,N,00747.92080,W,WP945*6D
$GPWPL,5326.69160,N,00747.92020,W,WP946*62
$GPWPL,5326.68500,N,00747.91960,W,WP947*6E
$GPWPL,5326.68200,N,00747.91900,W,WP948*60
$GPWPL,5326.67900,N,00747.91840,W,WP949*60
$GPWPL,5326.67480,N,00747.91780,W,WP950*6E
$GPWPL,5326.67240,N,00747.91660,W,WP951*6A
$GPWPL,5326.67060,N,00747.91600,W,WP952*6F
$GPWPL,5326.66640,N,00747.91420,W,WP953*6B
$GPWPL,5326.66160,N,00747.91240,W,WP954*69
$GPWPL,5326.65800,N,00747.91060,W,WP955*64
$GPWPL,5326.65200,N,00747.90760,W,WP956*6B
$GPWPL,5326.64600,N,00747.90340,W,WP957*69
$GPWPL,5326.63760,N,00747.89740,W,WP958*6A
$GPWPL,5326.63040,N,00747.89200,W,WP959*6F
$GPWPL,5326.62680,N,00747.88960,W,WP960*62
$GPWPL,5326.61960,N,00747.88360,W,WP961*6B
$GPWPL,5326.61000,N,00747.87580,W,WP962*60
$GPWPL,5326.60520,N,00747.87220,W,WP963*6A
$GPWPL,5326.60160,N,00747.86860,W,WP964*62
$GPWPL,5326.59740,N,00747.86500,W,WP965*66
$GPWPL,5326.59260,N,00747.86020,W,WP966*65
$GPWPL,5326.59020,N,00747.85720,W,WP967*66
$GPWPL,5326.58480,N,00747.85120,W,WP968*60
$GPWPL,5326.58120,N,00747.84700,W,WP969*6B
$GPWPL,5326.57700,N,00747.84160,W,WP970*68
$GPWPL,5326.57400,N,00747.83740,W,WP971*69
$GPWPL,5326.57280,N,00747.83620,W,WP972*63
$GPWPL,5326.56920,N,00747.83140,W,WP973*63
$GPWPL,5326.56500,N,00747.82660,W,WP974*6E
$GPWPL,5326.56080,N,00747.82240,W,WP975*64
$GPWPL,5326.55660,N,00747.81760,W,WP976*68
$GPWPL,5326.55240,N,00747.81400,W,WP977*6A
$GPWPL,5326.54820,N,00747.81040,W,WP978*68
$GPWPL,5326.54400,N,00747.80740,W,WP979*61
$GPWPL,5326.53920,N,00747.80500,W,WP980*69
$GPWPL,5326.53620,N,00747.80320,W,WP981*63
$GPWPL,5326.53500,N,00747.80260,W,WP982*64
$GPWPL,5326.53020,N,00747.80020,W,WP983*64
$GPWPL,5326.52600,N,00747.79840,W,WP984*6E
$GPWPL,5326.51640,N,00747.79480,W,WP985*68
$GPWPL,5326.50620,N,00747.79180,W,WP986*69
$GPWPL,5326.50320,N,00747.79120,W,WP987*67
$GPWPL,5326.49300,N,00747.78760,W,WP988*61
$GPWPL,5326.49180,N,00747.78700,W,WP989*6C
$GPWPL,5326.48340,N,00747.78520,W,WP990*6B
$GPWPL,5326.48220,N,00747.78460,W,WP991*68
$GPWPL,5326.48160,N,00747.78460,W,WP992*6C
$GPWPL,5326.46300,N,00747.77920,W,WP993*61
$GPWPL,5326.45220,N,00747.77500,W,WP994*68
$GPWPL,5326.44260,N,00747.77080,W,WP995*61
$GPWPL,5326.43060,N,00747.76540,W,WP996*6F
$GPWPL,5326.43000,N,00747.76480,W,WP997*65
$GPWPL,5326.42940,N,00747.76480,W,WP998*66
$GPWPL,5326.42280,N,00747.76300,W,WP999*6F
$GPWPL,5326.41920,N,00747.76180,W,WP1000*5F
$GPWPL,5326.41500,N,00747.76060,W,WP1001*5F
$GPWPL,5326.40720,N,00747.75940,W,WP1002*55
$GPWPL,5326.40120,N,00747.75880,W,WP1003*5F
$GPWPL,5326.38860,N,00747.75700,W,WP1004*5D
$GPWPL,5326.38440,N,00747.75640,W,WP1005*57
$GPWPL,5326.37900,N,00747.75460,W,WP1006*52
$GPWPL,5326.37300,N,00747.75160,W,WP1007*5C
$GPWPL,5326.37000,N,00747.74980,W,WP1008*57
$GPWPL,5326.36760,N,00747.74860,W,WP1009*59
$GPWPL,5326.36520,N,00747.74680,W,WP1010*57
$GPWPL,5326.36160,N,00747.74440,W,WP1011*58
$GPWPL,5326.35800,N,00747.74080,W,WP1012*5F
$GPWPL,5326.35680,N,00747.73960,W,WP1013*58
$GPWPL,5326.35440,N,00747.73720,W,WP1014*5B
$GPWPL,5326.35020,N,00747.73360,W,WP1015*58
$GPWPL,5326.34780,N,00747.73180,W,WP1016*5B
$GPWPL,5326.34720,N,00747.73120,W,WP1017*5A
$GPWPL,5326.34660,N,00747.73060,W,WP1018*55
$GPWPL,5326.34240,N,00747.72700,W,WP1019*52
$GPWPL,5326.33820,N,00747.72460,W,WP1020*56
$GPWPL,5326.33400,N,00747.72160,W,WP1021*5C
$GPWPL,5326.32980,N,00747.72040,W,WP1022*58
$GPWPL,5326.32800,N,00747.71920,W,WP1023*5C
$GPWPL,5326.32620,N,00747.71860,W,WP1024*52
$GPWPL,5326.32140,N,00747.71800,W,WP1025*54
$GPWPL,5326.31660,N,00747.71740,W,WP1026*5A
$GPWPL,5326.31240,N,00747.71740,W,WP1027*5D
$GPWPL,5326.30700,N,00747.71680,W,WP1028*5F
$GPWPL,5326.29740,N,00747.71500,W,WP1029*59
$GPWPL,5326.29020,N,00747.71440,W,WP1030*55
$GPWPL,5326.28660,N,00747.71380,W,WP1031*5C
$GPWPL,5326.28300,N,00747.71320,W,WP1032*56
$GPWPL,5326.27640,N,00747.71140,W,WP1033*5D
$GPWPL,5326.27400,N,00747.71080,W,WP1034*51
$GPWPL,5326.27340,N,00747.71020,W,WP1035*59
$GPWPL,5326.26920,N,00747.70840,W,WP1036*58
$GPWPL,5326.26560,N,00747.70660,W,WP1037*5D
$GPWPL,5326.26320,N,00747.70540,W,WP1038*51
$GPWPL,5326.26260,N,00747.70480,W,WP1039*58
$GPWPL,5326.25960,N,00747.70300,W,WP1040*51
$GPWPL,5326.25720,N,00747.70180,W,WP1041*50
$GPWPL,5326.25300,N,00747.69820,W,WP1042*5E
$GPWPL,5326.25060,N,00747.69640,W,WP1043*52
$GPWPL,5326.24820,N,00747.69400,W,WP1044*5E
$GPWPL,5326.24520,N,00747.69040,W,WP1045*52
$GPWPL,5326.24220,N,00747.68620,W,WP1046*57
$GPWPL,5326.24040,N,00747.68380,W,WP1047*5D
$GPWPL,5326.23680,N,00747.67660,W,WP1048*5B
$GPWPL,5326.23380,N,00747.67060,W,WP1049*59
$GPWPL,5326.23140,N,00747.66460,W,WP1050*5A
$GPWPL,5326.23080,N,00747.66160,W,WP1051*53
$GPWPL,5326.23020,N,00747.66100,W,WP1052*5C
$GPWPL,5326.22960,N,00747.65800,W,WP1053*5B
$GPWPL,5326.22780,N,00747.65200,W,WP1054*56
$GPWPL,5326.22540,N,00747.64480,W,WP1055*56
$GPWPL,5326.22420,N,00747.63820,W,WP1056*53
$GPWPL,5326.22300,N,00747.63160,W,WP1057*5A
$GPWPL,5326.21940,N,00747.61720,W,WP1058*58
$GPWPL,5326.21640,N,00747.60880,W,WP1059*52
$GPWPL,5326.21400,N,00747.60340,W,WP1060*59
$GPWPL,5326.21100,N,00747.59800,W,WP1061*58
$GPWPL,5326.21040,N,00747.59740,W,WP1062*55
$GPWPL,5326.20800,N,00747.59380,W,WP1063*51
$GPWPL,5326.20080,N,00747.58360,W,WP1064*59
$GPWPL,5326.19900,N,00747.58000,W,WP1065*56
$GPWPL,5326.19420,N,00747.57340,W,WP1066*52
$GPWPL,5326.18640,N,00747.56080,W,WP1067*58
$GPWPL,5326.18040,N,00747.55000,W,WP1068*5A
$GPWPL,5326.17200,N,00747.53320,W,WP1069*55
$GPWPL,5326.16840,N,00747.52540,W,WP1070*53
$GPWPL,5326.16600,N,00747.52000,W,WP1071*59
$GPWPL,5326.16600,N,00747.51940,W,WP1072*54
$GPWPL,5326.16420,N,00747.51460,W,WP1073*5A
$GPWPL,5326.15460,N,00747.49240,W,WP1074*57
$GPWPL,5326.14560,N,00747.46900,W,WP1075*56
$GPWPL,5326.13780,N,00747.44980,W,WP1076*54
$GPWPL,5326.12520,N,00747.42340,W,WP1077*5C
$GPWPL,5326.11080,N,00747.39400,W,WP1078*50
$GPWPL,5326.10600,N,00747.38500,W,WP1079*5E
$GPWPL,5326.09880,N,00747.37000,W,WP1080*5C
$GPWPL,5326.09460,N,00747.36100,W,WP1081*5F
$GPWPL,5326.08080,N,00747.33340,W,WP1082*54
$GPWPL,5326.06040,N,00747.29140,W,WP1083*5E
$GPWPL,5326.05560,N,00747.28180,W,WP1084*50
$GPWPL,5326.04360,N,00747.25600,W,WP1085*54
$GPWPL,5326.02560,N,00747.21880,W,WP1086*55
$GPWPL,5326.00400,N,00747.17500,W,WP1087*51
$GPWPL,5325.99620,N,00747.16000,W,WP1088*59
$GPWPL,5325.98360,N,00747.13360,W,WP1089*58
$GPWPL,5325.97100,N,00747.10960,W,WP1090*52
$GPWPL,5325.97040,N,00747.10840,W,WP1091*55
$GPWPL,5325.96860,N,00747.10420,W,WP1092*57
$GPWPL,5325.96800,N,00747.10300,W,WP1093*55
$GPWPL,5325.96200,N,00747.09040,W,WP1094*57
$GPWPL,5325.96140,N,00747.08920,W,WP1095*5F
$GPWPL,5325.95600,N,00747.07660,W,WP1096*58
$GPWPL,5325.95540,N,00747.07540,W,WP1097*5F
$GPWPL,5325.95060,N,00747.06580,W,WP1098*5A
$GPWPL,5325.94940,N,00747.06220,W,WP1099*5C
$GPWPL,5325.94880,N,00747.06160,W,WP1100*57
$GPWPL,5325.94760,N,00747.05860,W,WP1101*5D
$GPWPL,5325.94580,N,00747.05560,W,WP1102*5F
$GPWPL,5325.94340,N,00747.05020,W,WP1103*55
$GPWPL,5325.93500,N,00747.03400,W,WP1104*57
$GPWPL,5325.92720,N,00747.02260,W,WP1105*56
$GPWPL,5325.91100,N,00746.99920,W,WP1106*5E
$GPWPL,5325.89420,N,00746.98360,W,WP1107*5E
$GPWPL,5325.88100,N,00746.97280,W,WP1108*57
$GPWPL,5325.86900,N,00746.95960,W,WP1109*57
$GPWPL,5325.86360,N,00746.95360,W,WP1110*59
$GPWPL,5325.85880,N,00746.94760,W,WP1111*5B
$GPWPL,5325.85880,N,00746.94762,W,ST2*6B
$GPWPL,5325.85820,N,00746.94700,W,WP1112*54
$GPWPL,5325.85160,N,00746.93320,W,WP1113*59
$GPWPL,5325.84200,N,00746.91940,W,WP1114*54
$GPWPL,5325.83240,N,00746.90560,W,WP1115*59
$GPWPL,5325.82340,N,00746.89420,W,WP1116*57
$GPWPL,5325.81740,N,00746.88820,W,WP1117*5C
$GPWPL,5325.81140,N,00746.88100,W,WP1118*5E
$GPWPL,5325.80840,N,00746.87680,W,WP1119*57
$GPWPL,5325.80540,N,00746.87260,W,WP1120*5A
$GPWPL,5325.80000,N,00746.86480,W,WP1121*53
$GPWPL,5325.79460,N,00746.85580,W,WP1122*56
$GPWPL,5325.78620,N,00746.84080,W,WP1123*54
$GPWPL,5325.77600,N,00746.82400,W,WP1124*54
$GPWPL,5325.76400,N,00746.80420,W,WP1125*56
$GPWPL,5325.75260,N,00746.78260,W,WP1126*53
$GPWPL,5325.74660,N,00746.77120,W,WP1127*5F
$GPWPL,5325.73760,N,00746.75140,W,WP1128*52
$GPWPL,5325.72980,N,00746.72620,W,WP1129*54
$GPWPL,5325.72380,N,00746.70520,W,WP1130*57
$GPWPL,5325.71960,N,00746.69500,W,WP1131*5B
$GPWPL,5325.71480,N,00746.68060,W,WP1132*59
$GPWPL,5325.70760,N,00746.66080,W,WP1133*54
$GPWPL,5325.69080,N,00746.62300,W,WP1134*5D
$GPWPL,5325.67820,N,00746.59480,W,WP1135*57
$GPWPL,5325.67700,N,00746.59240,W,WP1136*53
$GPWPL,5325.67040,N,00746.57860,W,WP1137*57
$GPWPL,5325.67040,N,00746.57800,W,WP1138*5E
$GPWPL,5325.66620,N,00746.56960,W,WP1139*58
$GPWPL,5325.66080,N,00746.55700,W,WP1140*51
$GPWPL,5325.65840,N,00746.54620,W,WP1141*55
$GPWPL,5325.65720,N,00746.54200,W,WP1142*59
$GPWPL,5325.65600,N,00746.53780,W,WP1143*51
$GPWPL,5325.65540,N,00746.53480,W,WP1144*52
$GPWPL,5325.65420,N,00746.52280,W,WP1145*53
$GPWPL,5325.65300,N,00746.50300,W,WP1146*5E
$GPWPL,5325.65240,N,00746.48380,W,WP1147*5B
$GPWPL,5325.65060,N,00746.46100,W,WP1148*50
$GPWPL,5325.65060,N,00746.45920,W,WP1149*58
$GPWPL,5325.64880,N,00746.45200,W,WP1150*5E
$GPWPL,5325.64580,N,00746.43880,W,WP1151*56
$GPWPL,5325.63980,N,00746.42320,W,WP1152*5E
$GPWPL,5325.63800,N,00746.42080,W,WP1153*5F
$GPWPL,5325.63200,N,00746.40880,W,WP1154*58
$GPWPL,5325.62600,N,00746.39500,W,WP1155*57
$GPWPL,5325.61460,N,00746.37280,W,WP1156*52
$GPWPL,5325.60920,N,00746.36020,W,WP1157*52
$GPWPL,5325.60680,N,00746.35540,W,WP1158*58
$GPWPL,5325.60560,N,00746.35300,W,WP1159*56
$GPWPL,5325.60320,N,00746.34880,W,WP1160*5C
$GPWPL,5325.60140,N,00746.34700,W,WP1161*5E
$GPWPL,5325.59720,N,00746.34220,W,WP1162*50
$GPWPL,5325.59420,N,00746.33800,W,WP1163*5D
$GPWPL,5325.59300,N,00746.33560,W,WP1164*54
$GPWPL,5325.58940,N,00746.33140,W,WP1165*5C
$GPWPL,5325.57320,N,00746.31340,W,WP1166*5C
$GPWPL,5325.56180,N,00746.30140,W,WP1167*57
$GPWPL,5325.54260,N,00746.28220,W,WP1168*5B
$GPWPL,5325.53480,N,00746.27140,W,WP1169*5F
$GPWPL,5325.51140,N,00746.22820,W,WP1170*56
$GPWPL,5325.49460,N,00746.19520,W,WP1171*5C
$GPWPL,5325.45740,N,00746.13160,W,WP1172*58
$GPWPL,5325.43760,N,00746.08420,W,WP1173*56
$GPWPL,5325.43280,N,00746.06680,W,WP1174*5C
$GPWPL,5325.43040,N,00746.05180,W,WP1175*57
$GPWPL,5325.42920,N,00746.04040,W,WP1176*56
$GPWPL,5325.42920,N,00746.03980,W,WP1177*55
$GPWPL,5325.42800,N,00746.03620,W,WP1178*5C
$GPWPL,5325.42560,N,00746.02600,W,WP1179*55
$GPWPL,5325.42500,N,00746.02300,W,WP1180*50
$GPWPL,5325.41840,N,00745.99960,W,WP1181*56
$GPWPL,5325.41540,N,00745.98640,W,WP1182*54
$GPWPL,5325.41120,N,00745.96960,W,WP1183*54
$GPWPL,5325.40640,N,00745.95040,W,WP1184*5B
$GPWPL,5325.39740,N,00745.90900,W,WP1185*5D
$GPWPL,5325.39560,N,00745.89400,W,WP1186*5B
$GPWPL,5325.39560,N,00745.88740,W,WP1187*5C
$GPWPL,5325.39380,N,00745.86400,W,WP1188*52
$GPWPL,5325.39440,N,00745.84720,W,WP1189*5B
$GPWPL,5325.39440,N,00745.84060,W,WP1190*50
$GPWPL,5325.39140,N,00745.80880,W,WP1191*56
$GPWPL,5325.38840,N,00745.78180,W,WP1192*53
$GPWPL,5325.38720,N,00745.76200,W,WP1193*5E
$GPWPL,5325.38360,N,00745.74040,W,WP1194*5D
$GPWPL,5325.38300,N,00745.73440,W,WP1195*59
$GPWPL,5325.36620,N,00745.64740,W,WP1196*56
$GPWPL,5325.35660,N,00745.58080,W,WP1197*54
$GPWPL,5325.35300,N,00745.55980,W,WP1198*5C
$GPWPL,5325.35120,N,00745.54780,W,WP1199*52
$GPWPL,5325.35000,N,00745.54240,W,WP1200*5B
$GPWPL,5325.34700,N,00745.52740,W,WP1201*5F
$GPWPL,5325.34640,N,00745.52560,W,WP1202*59
$GPWPL,5325.34220,N,00745.50580,W,WP1203*56
$GPWPL,5325.33500,N,00745.46320,W,WP1204*58
$GPWPL,5325.33320,N,00745.44760,W,WP1205*5F
$GPWPL,5325.33260,N,00745.43080,W,WP1206*57
$GPWPL,5325.33200,N,00745.40920,W,WP1207*50
$GPWPL,5325.33020,N,00745.39780,W,WP1208*55
$GPWPL,5325.32840,N,00745.39000,W,WP1209*54
$GPWPL,5325.32360,N,00745.38040,W,WP1210*50
$GPWPL,5325.31880,N,00745.36840,W,WP1211*51
$GPWPL,5325.31520,N,00745.35520,W,WP1212*5D
$GPWPL,5325.31340,N,00745.34740,W,WP1213*59
$GPWPL,5325.31220,N,00745.33780,W,WP1214*52
$GPWPL,5325.31040,N,00745.32760,W,WP1215*58
$GPWPL,5325.30620,N,00745.29280,W,WP1216*5B
$GPWPL,5325.30440,N,00745.26520,W,WP1217*5C
$GPWPL,5325.30320,N,00745.24840,W,WP1218*5B
$GPWPL,5325.30200,N,00745.23520,W,WP1219*55
$GPWPL,5325.29780,N,00745.18900,W,WP1220*5C
$GPWPL,5325.29420,N,00745.17280,W,WP1221*58
$GPWPL,5325.29060,N,00745.16020,W,WP1222*52
$GPWPL,5325.28640,N,00745.15060,W,WP1223*51
$GPWPL,5325.27920,N,00745.13620,W,WP1224*54
$GPWPL,5325.26720,N,00745.12000,W,WP1225*5F
$GPWPL,5325.25820,N,00745.10980,W,WP1226*53
$GPWPL,5325.24920,N,00745.10200,W,WP1227*51
$GPWPL,5325.24500,N,00745.09900,W,WP1228*53
$GPWPL,5325.23900,N,00745.09600,W,WP1229*56
$GPWPL,5325.22880,N,00745.09120,W,WP1230*53
$GPWPL,5325.22580,N,00745.09000,W,WP1231*5C
$GPWPL,5325.20720,N,00745.08520,W,WP1232*53
$GPWPL,5325.19400,N,00745.08340,W,WP1233*59
$GPWPL,5325.17720,N,00745.07620,W,WP1234*5D
$GPWPL,5325.15500,N,00745.06480,W,WP1235*57
$GPWPL,5325.14180,N,00745.05760,W,WP1236*57
$GPWPL,5325.13580,N,00745.05220,W,WP1237*54
$GPWPL,5325.13520,N,00745.05040,W,WP1238*55
$GPWPL,5325.12980,N,00745.04080,W,WP1239*5E
$GPWPL,5325.12260,N,00745.01920,W,WP1240*53
$GPWPL,5325.11960,N,00745.00840,W,WP1241*5C
$GPWPL,5325.11600,N,00744.99460,W,WP1242*59
$GPWPL,5325.10820,N,00744.97360,W,WP1243*5C
$GPWPL,5325.10280,N,00744.95920,W,WP1244*57
$GPWPL,5325.09740,N,00744.94600,W,WP1245*5B
$GPWPL,5325.08900,N,00744.93460,W,WP1246*50
$GPWPL,5325.08060,N,00744.92500,W,WP1247*58
$GPWPL,5325.07880,N,00744.92260,W,WP1248*5F
$GPWPL,5325.07220,N,00744.91360,W,WP1249*5C
$GPWPL,5325.06920,N,00744.91060,W,WP1250*5D
$GPWPL,5325.06440,N,00744.90040,W,WP1251*54
$GPWPL,5325.05660,N,00744.88180,W,WP1252*50
$GPWPL,5325.05240,N,00744.87100,W,WP1253*50
$GPWPL,5325.05000,N,00744.86500,W,WP1254*54
$GPWPL,5325.04100,N,00744.85360,W,WP1255*56
$GPWPL,5325.03560,N,00744.84820,W,WP1256*5E
$GPWPL,5325.02840,N,00744.84160,W,WP1257*5C
$GPWPL,5325.02660,N,00744.83920,W,WP1258*54
$GPWPL,5325.01820,N,00744.82780,W,WP1259*59
$GPWPL,5325.00980,N,00744.81700,W,WP1260*52
$GPWPL,5325.00080,N,00744.80560,W,WP1261*5F
$GPWPL,5324.99240,N,00744.79420,W,WP1262*50
$GPWPL,5324.99060,N,00744.79240,W,WP1263*51
$GPWPL,5324.97080,N,00744.76120,W,WP1264*5C
$GPWPL,5324.96900,N,00744.75700,W,WP1265*5A
$GPWPL,5324.96300,N,00744.74200,W,WP1266*57
$GPWPL,5324.94920,N,00744.70660,W,WP1267*5A
$GPWPL,5324.94020,N,00744.68080,W,WP1268*5D
$GPWPL,5324.93540,N,00744.66700,W,WP1269*59
$GPWPL,5324.93480,N,00744.66520,W,WP1270*5C
$GPWPL,5324.92880,N,00744.65020,W,WP1271*56
$GPWPL,5324.92460,N,00744.63880,W,WP1272*53
$GPWPL,5324.92280,N,00744.63520,W,WP1273*5D
$GPWPL,5324.90840,N,00744.60100,W,WP1274*5B
$GPWPL,5324.90120,N,00744.58120,W,WP1275*5C
$GPWPL,5324.89160,N,00744.54520,W,WP1276*5B
$GPWPL,5324.89040,N,00744.54160,W,WP1277*59
$GPWPL,5324.88500,N,00744.52600,W,WP1278*51
$GPWPL,5324.88260,N,00744.51820,W,WP1279*5E
$GPWPL,5324.87900,N,00744.51040,W,WP1280*54
$GPWPL,5324.86640,N,00744.48160,W,WP1281*54
$GPWPL,5324.83460,N,00744.40840,W,WP1282*51
$GPWPL,5324.79620,N,00744.32020,W,WP1283*58
$GPWPL,5324.77940,N,00744.29140,W,WP1284*55
$GPWPL,5324.77460,N,00744.28780,W,WP1285*50
$GPWPL,5324.76980,N,00744.28600,W,WP1286*58
$GPWPL,5324.76500,N,00744.28540,W,WP1287*5A
$GPWPL,5324.75240,N,00744.28660,W,WP1288*54
$GPWPL,5324.72720,N,00744.28780,W,WP1289*5E
$GPWPL,5324.71400,N,00744.28600,W,WP1290*5D
$GPWPL,5324.70440,N,00744.28420,W,WP1291*59
$GPWPL,5324.69360,N,00744.28180,W,WP1292*58
$GPWPL,5324.69000,N,00744.28120,W,WP1293*56
$GPWPL,5324.59700,N,00744.26620,W,WP1294*5C
$GPWPL,5324.58620,N,00744.26440,W,WP1295*5B
$GPWPL,5324.54540,N,00744.25780,W,WP1296*5D
$GPWPL,5324.53520,N,00744.25540,W,WP1297*53
$GPWPL,5324.52500,N,00744.25120,W,WP1298*5D
$GPWPL,5324.51600,N,00744.24640,W,WP1299*5C
$GPWPL,5324.50820,N,00744.24220,W,WP1300*52
$GPWPL,5324.49800,N,00744.23740,W,WP1301*5D
$GPWPL,5324.49080,N,00744.23560,W,WP1302*5E
$GPWPL,5324.48480,N,00744.23500,W,WP1303*5C
$GPWPL,5324.47520,N,00744.23740,W,WP1304*59
$GPWPL,5324.46500,N,00744.24160,W,WP1305*58
$GPWPL,5324.45180,N,00744.24820,W,WP1306*59
$GPWPL,5324.43980,N,00744.24940,W,WP1307*51
$GPWPL,5324.42960,N,00744.25000,W,WP1308*5D
$GPWPL,5324.41340,N,00744.24880,W,WP1309*56
$GPWPL,5324.40740,N,00744.24640,W,WP1310*59
$GPWPL,5324.40260,N,00744.24580,W,WP1311*50
$GPWPL,5324.39960,N,00744.24580,W,WP1312*56
$GPWPL,5324.39780,N,00744.24580,W,WP1313*57
$GPWPL,5324.39420,N,00744.24640,W,WP1314*56
$GPWPL,5324.38520,N,00744.25060,W,WP1315*52
$GPWPL,5324.37020,N,00744.25840,W,WP1316*51
$GPWPL,5324.36840,N,00744.25900,W,WP1317*5A
$GPWPL,5324.36000,N,00744.26260,W,WP1318*57
$GPWPL,5324.35820,N,00744.26320,W,WP1319*5A
$GPWPL,5324.35040,N,00744.26620,W,WP1320*5B
$GPWPL,5324.34740,N,00744.26740,W,WP1321*5B
$GPWPL,5324.33960,N,00744.26980,W,WP1322*51
$GPWPL,5324.33060,N,00744.27220,W,WP1323*59
$GPWPL,5324.32160,N,00744.27340,W,WP1324*59
$GPWPL,5324.31200,N,00744.27340,W,WP1325*5E
$GPWPL,5324.30300,N,00744.27460,W,WP1326*58
$GPWPL,5324.28680,N,00744.27340,W,WP1327*58
$GPWPL,5324.28320,N,00744.27280,W,WP1328*55
$GPWPL,5324.27180,N,00744.27160,W,WP1329*5E
$GPWPL,5324.25380,N,00744.26740,W,WP1330*53
$GPWPL,5324.24660,N,00744.26680,W,WP1331*55
$GPWPL,5324.20040,N,00744.27220,W,WP1332*59
$GPWPL,5324.18120,N,00744.26920,W,WP1333*5E
$GPWPL,5324.16200,N,00744.26500,W,WP1334*58
$GPWPL,5324.14280,N,00744.26200,W,WP1335*54
$GPWPL,5324.13140,N,00744.25900,W,WP1336*57
$GPWPL,5324.13020,N,00744.25840,W,WP1337*54
$GPWPL,5324.12180,N,00744.25360,W,WP1338*58
$GPWPL,5324.11220,N,00744.24820,W,WP1339*5D
$GPWPL,5324.09780,N,00744.23740,W,WP1340*5B
$GPWPL,5324.09000,N,00744.23320,W,WP1341*57
$GPWPL,5324.08220,N,00744.22960,W,WP1342*5A
$GPWPL,5324.06000,N,00744.21640,W,WP1343*5B
$GPWPL,5324.05880,N,00744.21520,W,WP1344*5A
$GPWPL,5324.03480,N,00744.20020,W,WP1345*55
$GPWPL,5324.03240,N,00744.19900,W,WP1346*5D
$GPWPL,5324.01980,N,00744.19540,W,WP1347*51
$GPWPL,5324.00540,N,00744.19540,W,WP1348*5F
$GPWPL,5323.99460,N,00744.19600,W,WP1349*5D
$GPWPL,5323.98740,N,00744.19480,W,WP1350*5F
$GPWPL,5323.98380,N,00744.19420,W,WP1351*5C
$GPWPL,5323.97960,N,00744.19240,W,WP1352*54
$GPWPL,5323.97300,N,00744.19000,W,WP1353*5F
$GPWPL,5323.96640,N,00744.18640,W,WP1354*5B
$GPWPL,5323.95920,N,00744.18160,W,WP1355*55
$GPWPL,5323.95080,N,00744.17500,W,WP1356*58
$GPWPL,5323.94660,N,00744.17260,W,WP1357*51
$GPWPL,5323.94240,N,00744.17020,W,WP1358*5E
$GPWPL,5323.93760,N,00744.16720,W,WP1359*59
$GPWPL,5323.93220,N,00744.16420,W,WP1360*51
$GPWPL,5323.91420,N,00744.16240,W,WP1361*54
$GPWPL,5323.91120,N,00744.16240,W,WP1362*52
$GPWPL,5323.90580,N,00744.16300,W,WP1363*59
$GPWPL,5323.90460,N,00744.16300,W,WP1364*51
$GPWPL,5323.85960,N,00744.16960,W,WP1365*55
$GPWPL,5323.84040,N,00744.17560,W,WP1366*51
$GPWPL,5323.83020,N,00744.17980,W,WP1367*53
$GPWPL,5323.81280,N,00744.18940,W,WP1368*55
$GPWPL,5323.80440,N,00744.19300,W,WP1369*50
$GPWPL,5323.78880,N,00744.20200,W,WP1370*54
$GPWPL,5323.75640,N,00744.22900,W,WP1371*53
$GPWPL,5323.73780,N,00744.24520,W,WP1372*53
$GPWPL,5323.72880,N,00744.25300,W,WP1373*59
$GPWPL,5323.72280,N,00744.25780,W,WP1374*58
$GPWPL,5323.71620,N,00744.26260,W,WP1375*5C
$GPWPL,5323.70720,N,00744.26920,W,WP1376*50
$GPWPL,5323.69940,N,00744.27340,W,WP1377*5C
$GPWPL,5323.70660,N,00744.23200,W,WP1378*57
$GPWPL,5323.72520,N,00744.11740,W,WP1379*53
$GPWPL,5323.74860,N,00743.97760,W,WP1380*51
$GPWPL,5323.75820,N,00743.91400,W,WP1381*56
$GPWPL,5323.76300,N,00743.86660,W,WP1382*5D
$GPWPL,5323.77020,N,00743.80840,W,WP1383*56
$GPWPL,5323.77860,N,00743.74240,W,WP1384*5C
$GPWPL,5323.78340,N,00743.68840,W,WP1385*5C
$GPWPL,5323.78400,N,00743.68000,W,WP1386*50
$GPWPL,5323.78340,N,00743.64280,W,WP1387*54
$GPWPL,5323.78160,N,00743.57560,W,WP1388*52
$GPWPL,5323.77920,N,00743.53600,W,WP1389*51
$GPWPL,5323.77860,N,00743.53360,W,WP1390*5F
$GPWPL,5323.77560,N,00743.49280,W,WP1391*57
$GPWPL,5323.76540,N,00743.38540,W,WP1392*5A
$GPWPL,5323.76240,N,00743.36200,W,WP1393*51
$GPWPL,5323.75880,N,00743.34460,W,WP1394*51
$GPWPL,5323.75460,N,00743.32780,W,WP1395*59
$GPWPL,5323.75100,N,00743.31520,W,WP1396*52
$GPWPL,5323.74320,N,00743.29000,W,WP1397*5C
$GPWPL,5323.72880,N,00743.23900,W,WP1398*57
$GPWPL,5323.72220,N,00743.21620,W,WP1399*59
$GPWPL,5323.71440,N,00743.18800,W,WP1400*5B
$GPWPL,5323.70780,N,00743.16280,W,WP1401*58
$GPWPL,5323.70720,N,00743.16100,W,WP1402*5A
$GPWPL,5323.70300,N,00743.14780,W,WP1403*51
$GPWPL,5323.69820,N,00743.13220,W,WP1404*5F
$GPWPL,5323.69760,N,00743.12620,W,WP1405*50
$GPWPL,5323.69700,N,00743.12140,W,WP1406*54
$GPWPL,5323.69700,N,00743.11720,W,WP1407*56
$GPWPL,5323.69689,N,00743.11713,W,MOATEM*4C
$GPWPL,5323.69700,N,00743.12140,W,WP1408*5A
$GPWPL,5323.69760,N,00743.12620,W,WP1409*5C
$GPWPL,5323.69820,N,00743.13220,W,WP1410*5A
$GPWPL,5323.70300,N,00743.14780,W,WP1411*52
$GPWPL,5323.70720,N,00743.16100,W,WP1412*5B
$GPWPL,5323.70780,N,00743.16280,W,WP1413*5B
$GPWPL,5323.71440,N,00743.18800,W,WP1414*5E
$GPWPL,5323.72220,N,00743.21620,W,WP1415*5A
$GPWPL,5323.72880,N,00743.23900,W,WP1416*56
$GPWPL,5323.74320,N,00743.29000,W,WP1417*53
$GPWPL,5323.75100,N,00743.31520,W,WP1418*53
$GPWPL,5323.75460,N,00743.32780,W,WP1419*5A
$GPWPL,5323.75880,N,00743.34460,W,WP1420*59
$GPWPL,5323.76240,N,00743.36200,W,WP1421*5F
$GPWPL,5323.76540,N,00743.38540,W,WP1422*56
$GPWPL,5323.77560,N,00743.49280,W,WP1423*59
$GPWPL,5323.77860,N,00743.53360,W,WP1424*57
$GPWPL,5323.77920,N,00743.53600,W,WP1425*50
$GPWPL,5323.78160,N,00743.57560,W,WP1426*51
$GPWPL,5323.78340,N,00743.64280,W,WP1427*59
$GPWPL,5323.78400,N,00743.68000,W,WP1428*53
$GPWPL,5323.78340,N,00743.68840,W,WP1429*5D
$GPWPL,5323.77860,N,00743.74240,W,WP1430*54
$GPWPL,5323.77020,N,00743.80840,W,WP1431*58
$GPWPL,5323.76300,N,00743.86660,W,WP1432*51
$GPWPL,5323.75820,N,00743.91400,W,WP1433*58
$GPWPL,5323.74860,N,00743.97760,W,WP1434*59
$GPWPL,5323.72520,N,00744.11740,W,WP1435*5C
$GPWPL,5323.70660,N,00744.23200,W,WP1436*5A
$GPWPL,5323.69940,N,00744.27340,W,WP1437*5F
$GPWPL,5323.68320,N,00744.37780,W,WP1438*54
$GPWPL,5323.67960,N,00744.40060,W,WP1439*5D
$GPWPL,5323.67780,N,00744.41140,W,WP1440*51
$GPWPL,5323.67360,N,00744.42220,W,WP1441*5C
$GPWPL,5323.67240,N,00744.43000,W,WP1442*5D
$GPWPL,5323.64720,N,00744.58960,W,WP1443*59
$GPWPL,5323.64660,N,00744.59140,W,WP1444*50
$GPWPL,5323.64240,N,00744.61720,W,WP1445*5C
$GPWPL,5323.63100,N,00744.68800,W,WP1446*5B
$GPWPL,5323.63220,N,00744.69580,W,WP1447*5F
$GPWPL,5323.62440,N,00744.74140,W,WP1448*55
$GPWPL,5323.60940,N,00744.83500,W,WP1449*53
$GPWPL,5323.58840,N,00744.96460,W,WP1450*52
$GPWPL,5323.57460,N,00745.05460,W,WP1451*59
$GPWPL,5323.56620,N,00745.12060,W,WP1452*5F
$GPWPL,5323.56020,N,00745.18000,W,WP1453*54
$GPWPL,5323.55840,N,00745.19500,W,WP1454*5A
$GPWPL,5323.55300,N,00745.23940,W,WP1455*55
$GPWPL,5323.55240,N,00745.24480,W,WP1456*55
$GPWPL,5323.54940,N,00745.27120,W,WP1457*52
$GPWPL,5323.54400,N,00745.32340,W,WP1458*54
$GPWPL,5323.53800,N,00745.37680,W,WP1459*52
$GPWPL,5323.53260,N,00745.41880,W,WP1460*5B
$GPWPL,5323.52480,N,00745.47400,W,WP1461*51
$GPWPL,5323.51280,N,00745.55800,W,WP1462*58
$GPWPL,5323.48820,N,00745.71520,W,WP1463*58
$GPWPL,5323.48520,N,00745.73260,W,WP1464*53
$GPWPL,5323.47320,N,00745.80940,W,WP1465*5E
$GPWPL,5323.45700,N,00745.91440,W,WP1466*54
$GPWPL,5323.43660,N,00746.04400,W,WP1467*5F
$GPWPL,5323.43240,N,00746.07280,W,WP1468*5B
$GPWPL,5323.43060,N,00746.08540,W,WP1469*5E
$GPWPL,5323.42940,N,00746.09020,W,WP1470*5E
$GPWPL,5323.42700,N,00746.10700,W,WP1471*58
$GPWPL,5323.42640,N,00746.11060,W,WP1472*5E
$GPWPL,5323.42640,N,00746.11240,W,WP1473*5F
$GPWPL,5323.42040,N,00746.14780,W,WP1474*52
$GPWPL,5323.41860,N,00746.16280,W,WP1475*5D
$GPWPL,5323.41680,N,00746.17420,W,WP1476*53
$GPWPL,5323.41440,N,00746.18080,W,WP1477*5D
$GPWPL,5323.41200,N,00746.19340,W,WP1478*5E
$GPWPL,5323.41140,N,00746.19880,W,WP1479*5F
$GPWPL,5323.40720,N,00746.22760,W,WP1480*51
$GPWPL,5323.40360,N,00746.24920,W,WP1481*5C
$GPWPL,5323.39580,N,00746.30080,W,WP1482*5F
$GPWPL,5323.39400,N,00746.31400,W,WP1483*5A
$GPWPL,5323.38920,N,00746.34880,W,WP1484*52
$GPWPL,5323.38440,N,00746.39260,W,WP1485*51
$GPWPL,5323.38260,N,00746.41480,W,WP1486*51
$GPWPL,5323.38200,N,00746.42500,W,WP1487*5C
$GPWPL,5323.37960,N,00746.45200,W,WP1488*51
$GPWPL,5323.37720,N,00746.49520,W,WP1489*53
$GPWPL,5323.37540,N,00746.52700,W,WP1490*55
$GPWPL,5323.37480,N,00746.56540,W,WP1491*5B
$GPWPL,5323.37480,N,00746.60140,W,WP1492*59
$GPWPL,5323.37600,N,00746.64100,W,WP1493*52
$GPWPL,5323.37660,N,00746.67220,W,WP1494*51
$GPWPL,5323.37840,N,00746.70880,W,WP1495*5A
$GPWPL,5323.37840,N,00746.71300,W,WP1496*5B
$GPWPL,5323.37840,N,00746.71420,W,WP1497*5F
$GPWPL,5323.37900,N,00746.71780,W,WP1498*5C
$GPWPL,5323.38020,N,00746.73280,W,WP1499*5E
$GPWPL,5323.38200,N,00746.75980,W,WP1500*52
$GPWPL,5323.38500,N,00746.79040,W,WP1501*5D
$GPWPL,5323.38980,N,00746.83120,W,WP1502*58
$GPWPL,5323.39820,N,00746.90440,W,WP1503*52
$GPWPL,5323.40540,N,00746.96560,W,WP1504*55
$GPWPL,5323.41440,N,00747.03280,W,WP1505*50
$GPWPL,5323.41500,N,00747.03700,W,WP1506*5B
$GPWPL,5323.41740,N,00747.05980,W,WP1507*5C
$GPWPL,5323.43840,N,00747.21100,W,WP1508*58
$GPWPL,5323.48040,N,00747.56620,W,WP1509*5F
$GPWPL,5323.50260,N,00747.80440,W,WP1510*51
$GPWPL,5323.50980,N,00747.95260,W,WP1511*55
$GPWPL,5323.51100,N,00748.19920,W,WP1512*53
$GPWPL,5323.51100,N,00748.27120,W,WP1513*57
$GPWPL,5323.51100,N,00748.41580,W,WP1514*5E
$GPWPL,5323.51100,N,00748.49560,W,WP1515*59
$GPWPL,5323.51100,N,00748.50040,W,WP1516*55
$GPWPL,5323.51100,N,00748.50460,W,WP1517*52
$GPWPL,5323.51100,N,00748.57060,W,WP1518*5E
$GPWPL,5323.51100,N,00748.59280,W,WP1519*5D
$GPWPL,5323.51220,N,00748.61560,W,WP1520*54
$GPWPL,5323.51340,N,00748.63420,W,WP1521*55
$GPWPL,5323.51400,N,00748.63900,W,WP1522*5A
$GPWPL,5323.51400,N,00748.64320,W,WP1523*54
$GPWPL,5323.51520,N,00748.66060,W,WP1524*55
$GPWPL,5323.51760,N,00748.69480,W,WP1525*57
$GPWPL,5323.52120,N,00748.73920,W,WP1526*59
$GPWPL,5323.52660,N,00748.79260,W,WP1527*5E
$GPWPL,5323.54340,N,00748.91860,W,WP1528*5C
$GPWPL,5323.55180,N,00748.99000,W,WP1529*54
$GPWPL,5323.55000,N,00748.99480,W,WP1530*59
$GPWPL,5323.55240,N,00749.01460,W,WP1531*50
$GPWPL,5323.56260,N,00749.10160,W,WP1532*57
$GPWPL,5323.56680,N,00749.14420,W,WP1533*59
$GPWPL,5323.56860,N,00749.16400,W,WP1534*5E
$GPWPL,5323.57400,N,00749.23360,W,WP1535*53
$GPWPL,5323.57460,N,00749.25580,W,WP1536*58
$GPWPL,5323.57520,N,00749.26480,W,WP1537*5E
$GPWPL,5323.57940,N,00749.30500,W,WP1538*55
$GPWPL,5323.57940,N,00749.30620,W,WP1539*55
$GPWPL,5323.58000,N,00749.30740,W,WP1540*5E
$GPWPL,5323.58180,N,00749.31220,W,WP1541*54
$GPWPL,5323.58240,N,00749.32300,W,WP1542*58
$GPWPL,5323.58540,N,00749.36320,W,WP1543*58
$GPWPL,5323.58420,N,00749.37520,W,WP1544*5F
$GPWPL,5323.58960,N,00749.44420,W,WP1545*52
$GPWPL,5323.58960,N,00749.44720,W,WP1546*52
$GPWPL,5323.59320,N,00749.51920,W,WP1547*56
$GPWPL,5323.59560,N,00749.55100,W,WP1548*55
$GPWPL,5323.59620,N,00749.55880,W,WP1549*52
$GPWPL,5323.59920,N,00749.56420,W,WP1550*50
$GPWPL,5323.60460,N,00749.64040,W,WP1551*51
$GPWPL,5323.60940,N,00749.69800,W,WP1552*5C
$GPWPL,5323.61600,N,00749.77480,W,WP1553*5C
$GPWPL,5323.61600,N,00749.77900,W,WP1554*5E
$GPWPL,5323.62020,N,00749.82100,W,WP1555*5A
$GPWPL,5323.62440,N,00749.86960,W,WP1556*51
$GPWPL,5323.62620,N,00749.88700,W,WP1557*52
$GPWPL,5323.62680,N,00749.89660,W,WP1558*51
$GPWPL,5323.62920,N,00749.92060,W,WP1559*59
$GPWPL,5323.63100,N,00749.93920,W,WP1560*54
$GPWPL,5323.64000,N,00750.03820,W,WP1561*53
$GPWPL,5323.64180,N,00750.05620,W,WP1562*51
$GPWPL,5323.64480,N,00750.09220,W,WP1563*5D
$GPWPL,5323.64780,N,00750.12220,W,WP1564*53
$GPWPL,5323.64840,N,00750.12880,W,WP1565*51
$GPWPL,5323.65020,N,00750.14620,W,WP1566*5F
$GPWPL,5323.65020,N,00750.14800,W,WP1567*52
$GPWPL,5323.65200,N,00750.16540,W,WP1568*56
$GPWPL,5323.65320,N,00750.18220,W,WP1569*5B
$GPWPL,5323.66220,N,00750.27160,W,WP1570*5A
$GPWPL,5323.66820,N,00750.32380,W,WP1571*59
$GPWPL,5323.66940,N,00750.33700,W,WP1572*50
$GPWPL,5323.67120,N,00750.35200,W,WP1573*5D
$GPWPL,5323.67480,N,00750.38260,W,WP1574*5E
$GPWPL,5323.67780,N,00750.41080,W,WP1575*5E
$GPWPL,5323.68020,N,00750.42880,W,WP1576*54
$GPWPL,5323.68200,N,00750.44260,W,WP1577*57
$GPWPL,5323.68200,N,00750.44500,W,WP1578*59
$GPWPL,5323.68320,N,00750.45760,W,WP1579*5E
$GPWPL,5323.68500,N,00750.46900,W,WP1580*57
$GPWPL,5323.68740,N,00750.49360,W,WP1581*53
$GPWPL,5323.69040,N,00750.51460,W,WP1582*58
$GPWPL,5323.69280,N,00750.53740,W,WP1583*54
$GPWPL,5323.69520,N,00750.55720,W,WP1584*5E
$GPWPL,5323.69580,N,00750.56020,W,WP1585*51
$GPWPL,5323.69700,N,00750.57460,W,WP1586*59
$GPWPL,5323.70000,N,00750.59500,W,WP1587*5E
$GPWPL,5323.70360,N,00750.62440,W,WP1588*59
$GPWPL,5323.71140,N,00750.67960,W,WP1589*53
$GPWPL,5323.71800,N,00750.72280,W,WP1590*57
$GPWPL,5323.72160,N,00750.74380,W,WP1591*5D
$GPWPL,5323.72640,N,00750.76780,W,WP1592*5D
$GPWPL,5323.72880,N,00750.78220,W,WP1593*5F
$GPWPL,5323.73240,N,00750.79840,W,WP1594*52
$GPWPL,5323.73720,N,00750.81880,W,WP1595*5B
$GPWPL,5323.73840,N,00750.82240,W,WP1596*54
$GPWPL,5323.74200,N,00750.83500,W,WP1597*5E
$GPWPL,5323.74620,N,00750.85060,W,WP1598*52
$GPWPL,5323.75400,N,00750.87700,W,WP1599*51
$GPWPL,5323.76840,N,00750.91960,W,WP1600*56
$GPWPL,5323.77020,N,00750.92620,W,WP1601*50
$GPWPL,5323.77200,N,00750.93040,W,WP1602*52
$GPWPL,5323.79120,N,00750.98680,W,WP1603*5D
$GPWPL,5323.80560,N,00751.02880,W,WP1604*50
$GPWPL,5323.81340,N,00751.05160,W,WP1605*54
$GPWPL,5323.81460,N,00751.05580,W,WP1606*58
$GPWPL,5323.81640,N,00751.05940,W,WP1607*59
$GPWPL,5323.83560,N,00751.11760,W,WP1608*5C
$GPWPL,5323.90040,N,00751.30840,W,WP1609*56
$GPWPL,5323.90040,N,00751.31320,W,WP1610*52
$GPWPL,5323.90220,N,00751.31920,W,WP1611*5D
$GPWPL,5323.93460,N,00751.41580,W,WP1612*5E
$GPWPL,5323.94180,N,00751.43860,W,WP1613*52
$GPWPL,5323.95200,N,00751.47100,W,WP1614*54
$GPWPL,5323.98020,N,00751.55140,W,WP1615*5F
$GPWPL,5323.98200,N,00751.55620,W,WP1616*5D
$GPWPL,5323.99940,N,00751.60720,W,WP1617*55
$GPWPL,5324.00300,N,00751.61740,W,WP1618*54
$GPWPL,5324.01920,N,00751.67080,W,WP1619*51
$GPWPL,5324.03240,N,00751.71340,W,WP1620*5C
$GPWPL,5324.03480,N,00751.72420,W,WP1621*55
$GPWPL,5324.03840,N,00751.74160,W,WP1622*51
$GPWPL,5324.04200,N,00751.75960,W,WP1623*50
$GPWPL,5324.04620,N,00751.78120,W,WP1624*50
$GPWPL,5324.04800,N,00751.79560,W,WP1625*5C
$GPWPL,5324.04980,N,00751.80700,W,WP1626*54
$GPWPL,5324.05160,N,00751.82200,W,WP1627*55
$GPWPL,5324.05340,N,00751.84360,W,WP1628*5B
$GPWPL,5324.05520,N,00751.87120,W,WP1629*5F
$GPWPL,5324.05520,N,00751.88740,W,WP1630*58
$GPWPL,5324.05580,N,00751.92940,W,WP1631*56
$GPWPL,5324.05700,N,00751.93300,W,WP1632*50
$GPWPL,5324.05580,N,00751.95280,W,WP1633*54
$GPWPL,5324.05340,N,00751.99660,W,WP1634*5F
$GPWPL,5324.05100,N,00752.03800,W,WP1635*50
$GPWPL,5324.04920,N,00752.06980,W,WP1636*54
$GPWPL,5324.04740,N,00752.09620,W,WP1637*57
$GPWPL,5324.04500,N,00752.13640,W,WP1638*53
$GPWPL,5324.04380,N,00752.16460,W,WP1639*59
$GPWPL,5324.04380,N,00752.19460,W,WP1640*58
$GPWPL,5324.04380,N,00752.21560,W,WP1641*53
$GPWPL,5324.04500,N,00752.23900,W,WP1642*56
$GPWPL,5324.04680,N,00752.28280,W,WP1643*54
$GPWPL,5324.04860,N,00752.30260,W,WP1644*54
$GPWPL,5324.04920,N,00752.31520,W,WP1645*52
$GPWPL,5324.04980,N,00752.32060,W,WP1646*59
$GPWPL,5324.05160,N,00752.33800,W,WP1647*50
$GPWPL,5324.05340,N,00752.35600,W,WP1648*57
$GPWPL,5324.05460,N,00752.37040,W,WP1649*53
$GPWPL,5324.05940,N,00752.41420,W,WP1650*57
$GPWPL,5324.06240,N,00752.43880,W,WP1651*5A
$GPWPL,5324.06300,N,00752.44360,W,WP1652*5E
$GPWPL,5324.06360,N,00752.44780,W,WP1653*53
$GPWPL,5324.06420,N,00752.45140,W,WP1654*5C
$GPWPL,5324.06540,N,00752.46280,W,WP1655*56
$GPWPL,5324.06780,N,00752.48560,W,WP1656*5C
$GPWPL,5324.07440,N,00752.51860,W,WP1657*56
$GPWPL,5324.07620,N,00752.52820,W,WP1658*5A
$GPWPL,5324.07980,N,00752.54560,W,WP1659*51
$GPWPL,5324.08400,N,00752.56300,W,WP1660*53
$GPWPL,5324.08520,N,00752.56840,W,WP1661*5E
$GPWPL,5324.09240,N,00752.58580,W,WP1662*52
$GPWPL,5324.09240,N,00752.59180,W,WP1663*56
$GPWPL,5324.09300,N,00752.59240,W,WP1664*5B
$GPWPL,5324.09600,N,00752.60680,W,WP1665*5D
$GPWPL,5324.10080,N,00752.62480,W,WP1666*58
$GPWPL,5324.10500,N,00752.63740,W,WP1667*5A
$GPWPL,5324.11220,N,00752.65900,W,WP1668*5D
$GPWPL,5324.11400,N,00752.66560,W,WP1669*51
$GPWPL,5324.11880,N,00752.68000,W,WP1670*50
$GPWPL,5324.12000,N,00752.68300,W,WP1671*51
$GPWPL,5324.11992,N,00752.68318,W,FARDRU*49
$GPWPL,5324.12180,N,00752.68900,W,WP1672*51
$GPWPL,5324.12300,N,00752.69200,W,WP1673*50
$GPWPL,5324.13200,N,00752.71720,W,WP1674*59
$GPWPL,5324.13380,N,00752.72440,W,WP1675*57
$GPWPL,5324.13740,N,00752.72980,W,WP1676*5D
$GPWPL,5324.13980,N,00752.73460,W,WP1677*5C
$GPWPL,5324.14460,N,00752.74600,W,WP1678*54
$GPWPL,5324.15000,N,00752.75860,W,WP1679*5F
$GPWPL,5324.15720,N,00752.77420,W,WP1680*56
$GPWPL,5324.16440,N,00752.78860,W,WP1681*56
$GPWPL,5324.16620,N,00752.79280,W,WP1682*54
$GPWPL,5324.17220,N,00752.80480,W,WP1683*50
$GPWPL,5324.17880,N,00752.81800,W,WP1684*52
$GPWPL,5324.18900,N,00752.83840,W,WP1685*53
$GPWPL,5324.18900,N,00752.83900,W,WP1686*55
$GPWPL,5324.19680,N,00752.85340,W,WP1687*5A
$GPWPL,5324.20220,N,00752.86540,W,WP1688*54
$GPWPL,5324.22380,N,00752.90800,W,WP1689*52
$GPWPL,5324.22620,N,00752.91280,W,WP1690*56
$GPWPL,5324.23700,N,00752.93500,W,WP1691*58
$GPWPL,5324.24600,N,00752.95300,W,WP1692*5D
$GPWPL,5324.27480,N,00753.01180,W,WP1693*53
$GPWPL,5324.28020,N,00753.02380,W,WP1694*54
$GPWPL,5324.29220,N,00753.04780,W,WP1695*54
$GPWPL,5324.29880,N,00753.06160,W,WP1696*5D
$GPWPL,5324.30660,N,00753.07720,W,WP1697*57
$GPWPL,5324.31080,N,00753.08560,W,WP1698*58
$GPWPL,5324.32880,N,00753.12220,W,WP1699*5A
$GPWPL,5324.33660,N,00753.13840,W,WP1700*57
$GPWPL,5324.33720,N,00753.13900,W,WP1701*56
$GPWPL,5324.35340,N,00753.17260,W,WP1702*58
$GPWPL,5324.37020,N,00753.20680,W,WP1703*50
$GPWPL,5324.37440,N,00753.21580,W,WP1704*57
$GPWPL,5324.39300,N,00753.25240,W,WP1705*54
$GPWPL,5324.40440,N,00753.27460,W,WP1706*5C
$GPWPL,5324.41340,N,00753.28960,W,WP1707*59
$GPWPL,5324.42360,N,00753.30760,W,WP1708*50
$GPWPL,5324.43140,N,00753.31960,W,WP1709*5F
$GPWPL,5324.43920,N,00753.33160,W,WP1710*53
$GPWPL,5324.45060,N,00753.34840,W,WP1711*55
$GPWPL,5324.46560,N,00753.36880,W,WP1712*5E
$GPWPL,5324.48000,N,00753.38680,W,WP1713*52
$GPWPL,5324.49500,N,00753.40360,W,WP1714*55
$GPWPL,5324.51000,N,00753.41980,W,WP1715*5D
$GPWPL,5324.52200,N,00753.43180,W,WP1716*55
$GPWPL,5324.52560,N,00753.43540,W,WP1717*5D
$GPWPL,5324.54120,N,00753.45040,W,WP1718*57
$GPWPL,5324.56040,N,00753.46720,W,WP1719*51
$GPWPL,5324.56940,N,00753.47560,W,WP1720*55
$GPWPL,5324.59760,N,00753.50080,W,WP1721*5A
$GPWPL,5324.61320,N,00753.51400,W,WP1722*5F
$GPWPL,5324.61860,N,00753.51940,W,WP1723*58
$GPWPL,5324.62640,N,00753.52480,W,WP1724*52
$GPWPL,5324.63120,N,00753.52780,W,WP1725*50
$GPWPL,5324.63420,N,00753.52840,W,WP1726*55
$GPWPL,5324.63780,N,00753.53020,W,WP1727*52
$GPWPL,5324.63960,N,00753.53080,W,WP1728*57
$GPWPL,5324.64200,N,00753.53260,W,WP1729*50
$GPWPL,5324.64500,N,00753.53500,W,WP1730*5E
$GPWPL,5324.65100,N,00753.53920,W,WP1731*54
$GPWPL,5324.65100,N,00753.54160,W,WP1732*5C
$GPWPL,5324.65100,N,00753.54340,W,WP1733*5D
$GPWPL,5324.65100,N,00753.54520,W,WP1734*5A
$GPWPL,5324.65100,N,00753.54700,W,WP1735*5B
$GPWPL,5324.65160,N,00753.54880,W,WP1736*59
$GPWPL,5324.65160,N,00753.55060,W,WP1737*5F
$GPWPL,5324.65220,N,00753.55240,W,WP1738*57
$GPWPL,5324.65280,N,00753.55360,W,WP1739*5F
$GPWPL,5324.65340,N,00753.55540,W,WP1740*58
$GPWPL,5324.65400,N,00753.55660,W,WP1741*5B
$GPWPL,5324.65460,N,00753.55720,W,WP1742*5B
$GPWPL,5324.65520,N,00753.55780,W,WP1743*55
$GPWPL,5324.65580,N,00753.55900,W,WP1744*5E
$GPWPL,5324.65640,N,00753.55960,W,WP1745*56
$GPWPL,5324.65700,N,00753.56020,W,WP1746*5E
$GPWPL,5324.65760,N,00753.56080,W,WP1747*53
$GPWPL,5324.65820,N,00753.56140,W,WP1748*5A
$GPWPL,5324.65940,N,00753.56140,W,WP1749*5C
$GPWPL,5324.66000,N,00753.56260,W,WP1750*5B
$GPWPL,5324.66120,N,00753.56320,W,WP1751*5C
$GPWPL,5324.66240,N,00753.56320,W,WP1752*5A
$GPWPL,5324.66360,N,00753.56380,W,WP1753*52
$GPWPL,5324.66480,N,00753.56380,W,WP1754*5C
$GPWPL,5324.66600,N,00753.56380,W,WP1755*57
$GPWPL,5324.66720,N,00753.56320,W,WP1756*5D
$GPWPL,5324.66840,N,00753.56320,W,WP1757*55
$GPWPL,5324.69120,N,00753.59380,W,WP1758*5F
$GPWPL,5324.69300,N,00753.59620,W,WP1759*51
$GPWPL,5324.69360,N,00753.59740,W,WP1760*5A
$GPWPL,5324.69420,N,00753.59800,W,WP1761*53
$GPWPL,5324.71160,N,00753.61960,W,WP1762*54
$GPWPL,5324.71580,N,00753.62620,W,WP1763*57
$GPWPL,5324.73680,N,00753.65860,W,WP1764*5C
$GPWPL,5324.74280,N,00753.66160,W,WP1765*54
$GPWPL,5324.76200,N,00753.69220,W,WP1766*55
$GPWPL,5324.78420,N,00753.72700,W,WP1767*53
$GPWPL,5324.79320,N,00753.74080,W,WP1768*53
$GPWPL,5324.80700,N,00753.76300,W,WP1769*5B
$GPWPL,5324.82140,N,00753.78520,W,WP1770*59
$GPWPL,5324.85680,N,00753.83920,W,WP1771*5C
$GPWPL,5324.86640,N,00753.85420,W,WP1772*5B
$GPWPL,5324.87000,N,00753.85960,W,WP1773*50
$GPWPL,5324.89100,N,00753.89440,W,WP1774*5B
$GPWPL,5324.89700,N,00753.90340,W,WP1775*53
$GPWPL,5324.92160,N,00753.94420,W,WP1776*5F
$GPWPL,5324.92520,N,00753.94960,W,WP1777*57
$GPWPL,5324.93480,N,00753.96880,W,WP1778*5F
$GPWPL,5324.95460,N,00754.01560,W,WP1779*5C
$GPWPL,5324.95880,N,00754.02580,W,WP1780*55
$GPWPL,5324.96300,N,00754.03480,W,WP1781*54
$GPWPL,5324.96240,N,00754.03480,W,WP1782*52
$GPWPL,5324.96180,N,00754.03540,W,WP1783*51
$GPWPL,5324.96120,N,00754.03540,W,WP1784*5C
$GPWPL,5324.96120,N,00754.03600,W,WP1785*5A
$GPWPL,5324.96060,N,00754.03600,W,WP1786*5C
$GPWPL,5324.96060,N,00754.03660,W,WP1787*5B
$GPWPL,5324.96000,N,00754.03660,W,WP1788*52
$GPWPL,5324.96000,N,00754.03720,W,WP1789*56
$GPWPL,5324.95940,N,00754.03780,W,WP1790*5A
$GPWPL,5324.95940,N,00754.03840,W,WP1791*58
$GPWPL,5324.95880,N,00754.03900,W,WP1792*53
$GPWPL,5324.95880,N,00754.03960,W,WP1793*54
$GPWPL,5324.95880,N,00754.04020,W,WP1794*59
$GPWPL,5324.95820,N,00754.04080,W,WP1795*58
$GPWPL,5324.95820,N,00754.04140,W,WP1796*56
$GPWPL,5324.95820,N,00754.04200,W,WP1797*50
$GPWPL,5324.95820,N,00754.04260,W,WP1798*59
$GPWPL,5324.95760,N,00754.04320,W,WP1799*56
$GPWPL,5324.95760,N,00754.04380,W,WP1800*53
$GPWPL,5324.95760,N,00754.04440,W,WP1801*59
$GPWPL,5324.95760,N,00754.04500,W,WP1802*5F
$GPWPL,5324.95760,N,00754.04560,W,WP1803*58
$GPWPL,5324.95760,N,00754.04620,W,WP1804*58
$GPWPL,5324.95760,N,00754.04680,W,WP1805*53
$GPWPL,5324.95760,N,00754.04740,W,WP1806*5D
$GPWPL,5324.95760,N,00754.04800,W,WP1807*57
$GPWPL,5324.95820,N,00754.04860,W,WP1808*55
$GPWPL,5324.95820,N,00754.04920,W,WP1809*51
$GPWPL,5324.95820,N,00754.04980,W,WP1810*53
$GPWPL,5324.95820,N,00754.05040,W,WP1811*56
$GPWPL,5324.95880,N,00754.05100,W,WP1812*5A
$GPWPL,5324.95880,N,00754.05160,W,WP1813*5D
$GPWPL,5324.95880,N,00754.05220,W,WP1814*5D
$GPWPL,5324.95940,N,00754.05280,W,WP1815*5B
$GPWPL,5324.95940,N,00754.05340,W,WP1816*55
$GPWPL,5324.96000,N,00754.05400,W,WP1817*59
$GPWPL,5324.96000,N,00754.05460,W,WP1818*50
$GPWPL,5324.96060,N,00754.05460,W,WP1819*57
$GPWPL,5324.96060,N,00754.05520,W,WP1820*58
$GPWPL,5324.96120,N,00754.05520,W,WP1821*5C
$GPWPL,5324.96120,N,00754.05580,W,WP1822*55
$GPWPL,5324.96180,N,00754.05580,W,WP1823*5E
$GPWPL,5324.96240,N,00754.05640,W,WP1824*59
$GPWPL,5324.96300,N,00754.05640,W,WP1825*5D
$GPWPL,5324.96360,N,00754.05640,W,WP1826*58
$GPWPL,5324.96360,N,00754.05700,W,WP1827*5C
$GPWPL,5324.96420,N,00754.05700,W,WP1828*50
$GPWPL,5324.96480,N,00754.05700,W,WP1829*5B
$GPWPL,5324.96540,N,00754.05700,W,WP1830*5E
$GPWPL,5324.96540,N,00754.05640,W,WP1831*5A
$GPWPL,5324.96600,N,00754.05640,W,WP1832*5E
$GPWPL,5324.97260,N,00754.07800,W,WP1833*54
$GPWPL,5324.99360,N,00754.16200,W,WP1834*56
$GPWPL,5324.99840,N,00754.18120,W,WP1835*51
$GPWPL,5325.00200,N,00754.19560,W,WP1836*5C
$GPWPL,5325.00380,N,00754.22140,W,WP1837*5A
$GPWPL,5325.00380,N,00754.22200,W,WP1838*52
$GPWPL,5325.00320,N,00754.22320,W,WP1839*5A
$GPWPL,5325.00320,N,00754.22380,W,WP1840*5E
$GPWPL,5325.00320,N,00754.22440,W,WP1841*54
$GPWPL,5325.00320,N,00754.22500,W,WP1842*52
$GPWPL,5325.00320,N,00754.22560,W,WP1843*55
$GPWPL,5325.00320,N,00754.22620,W,WP1844*55
$GPWPL,5325.00320,N,00754.22680,W,WP1845*5E
$GPWPL,5325.00320,N,00754.22740,W,WP1846*50
$GPWPL,5325.00320,N,00754.22800,W,WP1847*5A
$GPWPL,5325.00320,N,00754.22860,W,WP1848*53
$GPWPL,5325.00320,N,00754.22920,W,WP1849*57
$GPWPL,5325.00320,N,00754.22980,W,WP1850*55
$GPWPL,5325.00320,N,00754.23040,W,WP1851*50
$GPWPL,5325.00380,N,00754.23040,W,WP1852*59
$GPWPL,5325.00380,N,00754.23100,W,WP1853*5D
$GPWPL,5325.00380,N,00754.23160,W,WP1854*5C
$GPWPL,5325.00380,N,00754.23220,W,WP1855*5A
$GPWPL,5325.00440,N,00754.23220,W,WP1856*52
$GPWPL,5325.00440,N,00754.23280,W,WP1857*59
$GPWPL,5325.00440,N,00754.23340,W,WP1858*5B
$GPWPL,5325.00500,N,00754.23340,W,WP1859*5F
$GPWPL,5325.00500,N,00754.23400,W,WP1860*56
$GPWPL,5325.00560,N,00754.23400,W,WP1861*51
$GPWPL,5325.00560,N,00754.23460,W,WP1862*54
$GPWPL,5325.00620,N,00754.23460,W,WP1863*52
$GPWPL,5325.00620,N,00754.23520,W,WP1864*50
$GPWPL,5325.00680,N,00754.23520,W,WP1865*5B
$GPWPL,5325.00680,N,00754.23580,W,WP1866*52
$GPWPL,5325.00740,N,00754.23580,W,WP1867*5E
$GPWPL,5325.00800,N,00754.23580,W,WP1868*5A
$GPWPL,5325.01280,N,00754.25140,W,WP1869*56
$GPWPL,5325.01580,N,00754.26100,W,WP1870*5E
$GPWPL,5325.01760,N,00754.26400,W,WP1871*56
$GPWPL,5325.01940,N,00754.26760,W,WP1872*5C
$GPWPL,5325.02180,N,00754.28020,W,WP1873*57
$GPWPL,5325.02600,N,00754.29640,W,WP1874*5E
$GPWPL,5325.04460,N,00754.37860,W,WP1875*5E
$GPWPL,5325.04940,N,00754.39780,W,WP1876*5D
$GPWPL,5325.05360,N,00754.41940,W,WP1877*58
$GPWPL,5325.05840,N,00754.45000,W,WP1878*57
$GPWPL,5325.06500,N,00754.48960,W,WP1879*5E
$GPWPL,5325.07220,N,00754.52560,W,WP1880*5B
$GPWPL,5325.08180,N,00754.57960,W,WP1881*55
$GPWPL,5325.08360,N,00754.59040,W,WP1882*5F
$GPWPL,5325.08720,N,00754.61080,W,WP1883*59
$GPWPL,5325.09680,N,00754.65700,W,WP1884*5F
$GPWPL,5325.10160,N,00754.68700,W,WP1885*52
$GPWPL,5325.11900,N,00754.78180,W,WP1886*51
$GPWPL,5325.12800,N,00754.82980,W,WP1887*5F
$GPWPL,5325.13160,N,00754.84900,W,WP1888*50
$GPWPL,5325.13580,N,00754.87060,W,WP1889*57
$GPWPL,5325.14240,N,00754.90060,W,WP1890*55
$GPWPL,5325.14600,N,00754.92580,W,WP1891*5D
$GPWPL,5325.14840,N,00754.93720,W,WP1892*5D
$GPWPL,5325.16040,N,00755.00920,W,WP1893*53
$GPWPL,5325.16280,N,00755.05960,W,WP1894*5B
$GPWPL,5325.16040,N,00755.09680,W,WP1895*59
$GPWPL,5325.16040,N,00755.10400,W,WP1896*58
$GPWPL,5325.15920,N,00755.11060,W,WP1897*56
$GPWPL,5325.15860,N,00755.11660,W,WP1898*5A
$GPWPL,5325.15740,N,00755.12320,W,WP1899*54
$GPWPL,5325.15740,N,00755.12380,W,WP1900*5F
$GPWPL,5325.15740,N,00755.12920,W,WP1901*5E
$GPWPL,5325.15740,N,00755.13340,W,WP1902*50
$GPWPL,5325.15740,N,00755.13820,W,WP1903*5C
$GPWPL,5325.15860,N,00755.14420,W,WP1904*5D
$GPWPL,5325.15980,N,00755.15380,W,WP1905*5F
$GPWPL,5325.15980,N,00755.15680,W,WP1906*59
$GPWPL,5325.16580,N,00755.19820,W,WP1907*5F
$GPWPL,5325.17000,N,00755.22460,W,WP1908*5C
$GPWPL,5325.17780,N,00755.26000,W,WP1909*54
$GPWPL,5325.17960,N,00755.27020,W,WP1910*5F
$GPWPL,5325.18860,N,00755.29960,W,WP1911*53
$GPWPL,5325.19580,N,00755.32420,W,WP1912*51
$GPWPL,5325.21200,N,00755.38180,W,WP1913*51
$GPWPL,5325.21260,N,00755.38780,W,WP1914*56
$GPWPL,5325.21380,N,00755.39320,W,WP1915*57
$GPWPL,5325.21740,N,00755.41000,W,WP1916*52
$GPWPL,5325.22340,N,00755.43640,W,WP1917*54
$GPWPL,5325.24080,N,00755.50960,W,WP1918*5D
$GPWPL,5325.24380,N,00755.51860,W,WP1919*5F
$GPWPL,5325.25580,N,00755.57140,W,WP1920*5F
$GPWPL,5325.26240,N,00755.60140,W,WP1921*52
$GPWPL,5325.26240,N,00755.60200,W,WP1922*56
$GPWPL,5325.26840,N,00755.62600,W,WP1923*5B
$GPWPL,5325.29060,N,00755.68120,W,WP1924*56
$GPWPL,5325.29000,N,00755.68120,W,WP1925*51
$GPWPL,5325.28940,N,00755.68120,W,WP1926*5E
$GPWPL,5325.28940,N,00755.68180,W,WP1927*55
$GPWPL,5325.28880,N,00755.68180,W,WP1928*57
$GPWPL,5325.28880,N,00755.68240,W,WP1929*59
$GPWPL,5325.28820,N,00755.68240,W,WP1930*5B
$GPWPL,5325.28820,N,00755.68300,W,WP1931*5F
$GPWPL,5325.28760,N,00755.68300,W,WP1932*57
$GPWPL,5325.28760,N,00755.68360,W,WP1933*50
$GPWPL,5325.28760,N,00755.68420,W,WP1934*54
$GPWPL,5325.28700,N,00755.68420,W,WP1935*53
$GPWPL,5325.28700,N,00755.68480,W,WP1936*5A
$GPWPL,5325.28700,N,00755.68540,W,WP1937*56
$GPWPL,5325.28700,N,00755.68600,W,WP1938*5E
$GPWPL,5325.28640,N,00755.68600,W,WP1939*5A
$GPWPL,5325.28640,N,00755.68660,W,WP1940*52
$GPWPL,5325.28640,N,00755.68720,W,WP1941*56
$GPWPL,5325.28640,N,00755.68780,W,WP1942*5F
$GPWPL,5325.28640,N,00755.68840,W,WP1943*5D
$GPWPL,5325.28640,N,00755.68900,W,WP1944*5F
$GPWPL,5325.28640,N,00755.68960,W,WP1945*58
$GPWPL,5325.28640,N,00755.69020,W,WP1946*57
$GPWPL,5325.28640,N,00755.69080,W,WP1947*5C
$GPWPL,5325.28640,N,00755.69140,W,WP1948*5E
$GPWPL,5325.28700,N,00755.69200,W,WP1949*5D
$GPWPL,5325.28700,N,00755.69260,W,WP1950*53
$GPWPL,5325.28700,N,00755.69320,W,WP1951*57
$GPWPL,5325.28760,N,00755.69380,W,WP1952*58
$GPWPL,5325.28760,N,00755.69440,W,WP1953*52
$GPWPL,5325.28820,N,00755.69440,W,WP1954*5E
$GPWPL,5325.28820,N,00755.69500,W,WP1955*5A
$GPWPL,5325.28880,N,00755.69560,W,WP1956*55
$GPWPL,5325.28940,N,00755.69560,W,WP1957*59
$GPWPL,5325.28940,N,00755.69620,W,WP1958*51
$GPWPL,5325.29000,N,00755.69620,W,WP1959*5C
$GPWPL,5325.29060,N,00755.69620,W,WP1960*50
$GPWPL,5325.29060,N,00755.69680,W,WP1961*5B
$GPWPL,5325.29120,N,00755.69680,W,WP1962*5D
$GPWPL,5325.29180,N,00755.69620,W,WP1963*5C
$GPWPL,5325.29240,N,00755.69620,W,WP1964*54
$GPWPL,5325.29300,N,00755.69620,W,WP1965*50
$GPWPL,5325.29300,N,00755.69560,W,WP1966*54
$GPWPL,5325.29360,N,00755.69560,W,WP1967*53
$GPWPL,5325.29360,N,00755.69500,W,WP1968*5A
$GPWPL,5325.29420,N,00755.69500,W,WP1969*58
$GPWPL,5325.29420,N,00755.69440,W,WP1970*55
$GPWPL,5325.29420,N,00755.69380,W,WP1971*5F
$GPWPL,5325.29480,N,00755.69380,W,WP1972*56
$GPWPL,5325.29480,N,00755.69320,W,WP1973*5D
$GPWPL,5325.29480,N,00755.69260,W,WP1974*5F
$GPWPL,5325.30200,N,00755.70280,W,WP1975*5E
$GPWPL,5325.30500,N,00755.70880,W,WP1976*50
$GPWPL,5325.34400,N,00755.78920,W,WP1977*57
$GPWPL,5325.34400,N,00755.78980,W,WP1978*52
$GPWPL,5325.34340,N,00755.78980,W,WP1979*50
$GPWPL,5325.34340,N,00755.79040,W,WP1980*52
$GPWPL,5325.34340,N,00755.79100,W,WP1981*56
$GPWPL,5325.34340,N,00755.79160,W,WP1982*53
$GPWPL,5325.34340,N,00755.79220,W,WP1983*55
$GPWPL,5325.34340,N,00755.79280,W,WP1984*58
$GPWPL,5325.34400,N,00755.79280,W,WP1985*5A
$GPWPL,5325.34400,N,00755.79340,W,WP1986*54
$GPWPL,5325.34400,N,00755.79400,W,WP1987*56
$GPWPL,5325.34460,N,00755.79400,W,WP1988*5F
$GPWPL,5325.34460,N,00755.79460,W,WP1989*58
$GPWPL,5325.34520,N,00755.79460,W,WP1990*55
$GPWPL,5325.34520,N,00755.79520,W,WP1991*51
$GPWPL,5325.34580,N,00755.79520,W,WP1992*58
$GPWPL,5325.34520,N,00755.85280,W,WP1993*5D
$GPWPL,5325.34520,N,00755.87080,W,WP1994*5A
$GPWPL,5325.34040,N,00755.91520,W,WP1995*50
$GPWPL,5325.34040,N,00755.91880,W,WP1996*54
$GPWPL,5325.33800,N,00755.93380,W,WP1997*57
$GPWPL,5325.33620,N,00755.95720,W,WP1998*5C
$GPWPL,5325.33440,N,00755.98060,W,WP1999*57
$GPWPL,5325.33440,N,00755.99260,W,WP2000*5E
$GPWPL,5325.33440,N,00756.00100,W,WP2001*59
$GPWPL,5325.33620,N,00756.01120,W,WP2002*5D
$GPWPL,5325.33860,N,00756.02260,W,WP2003*52
$GPWPL,5325.34040,N,00756.03280,W,WP2004*57
$GPWPL,5325.34220,N,00756.03820,W,WP2005*52
$GPWPL,5325.34640,N,00756.05020,W,WP2006*5D
$GPWPL,5325.36260,N,00756.08860,W,WP2007*59
$GPWPL,5325.36500,N,00756.09220,W,WP2008*58
$GPWPL,5325.38120,N,00756.08440,W,WP2009*50
$GPWPL,5325.38480,N,00756.08260,W,WP2010*53
$GPWPL,5325.38600,N,00756.08260,W,WP2011*58
$GPWPL,5325.38960,N,00756.08320,W,WP2012*57
$GPWPL,5325.39980,N,00756.08320,W,WP2013*59
$GPWPL,5325.39680,N,00756.08920,W,WP2014*5B
$GPWPL,5325.39500,N,00756.09160,W,WP2015*5C
$GPWPL,5325.39380,N,00756.09520,W,WP2016*51
$GPWPL,5325.39260,N,00756.09760,W,WP2017*59
$GPWPL,5325.39140,N,00756.10060,W,WP2018*58
$GPWPL,5325.39020,N,00756.10600,W,WP2019*5E
$GPWPL,5325.38900,N,00756.11440,W,WP2020*59
$GPWPL,5325.38900,N,00756.11620,W,WP2021*5C
$GPWPL,5325.38780,N,00756.12520,W,WP2022*59
$GPWPL,5325.38780,N,00756.13180,W,WP2023*57
$GPWPL,5325.38840,N,00756.13960,W,WP2024*55
$GPWPL,5325.38840,N,00756.17200,W,WP2025*5D
$GPWPL,5325.38840,N,00756.17980,W,WP2026*5D
$GPWPL,5325.39380,N,00756.20440,W,WP2027*5F
$GPWPL,5325.39680,N,00756.22360,W,WP2028*52
$GPWPL,5325.39740,N,00756.22660,W,WP2029*5B
$GPWPL,5325.39800,N,00756.23320,W,WP2030*58
$GPWPL,5325.39860,N,00756.23920,W,WP2031*55
$GPWPL,5325.39920,N,00756.24460,W,WP2032*5D
$GPWPL,5325.40040,N,00756.25060,W,WP2033*58
$GPWPL,5325.40040,N,00756.25120,W,WP2034*5A
$GPWPL,5325.40100,N,00756.25420,W,WP2035*5B
$GPWPL,5325.40640,N,00756.27820,W,WP2036*55
$GPWPL,5325.41240,N,00756.30700,W,WP2037*5A
$GPWPL,5325.41960,N,00756.34120,W,WP2038*5C
$GPWPL,5325.42200,N,00756.35080,W,WP2039*59
$GPWPL,5325.42620,N,00756.37000,W,WP2040*5B
$GPWPL,5325.43040,N,00756.39220,W,WP2041*55
$GPWPL,5325.43400,N,00756.41800,W,WP2042*51
$GPWPL,5325.43402,N,00756.41817,W,ATHLO2*3A
$GPRTE,342,1,c,ROUTE1,ATHLON,WP001,WP002,WP003,WP004,WP005*7D
$GPRTE,342,2,c,ROUTE1,WP006,WP007,WP008,WP009,WP010,WP011*59
$GPRTE,342,3,c,ROUTE1,WP012,WP013,WP014,WP015,WP016,WP017*58
$GPRTE,342,4,c,ROUTE1,WP018,WP019,WP020,WP021,WP022,WP023*5F
$GPRTE,342,5,c,ROUTE1,WP024,WP025,WP026,WP027,WP028,WP029*5E
$GPRTE,342,6,c,ROUTE1,WP030,WP031,WP032,WP033,WP034,WP035*5D
$GPRTE,342,7,c,ROUTE1,WP036,WP037,WP038,WP039,WP040,WP041*5C
$GPRTE,342,8,c,ROUTE1,WP042,WP043,WP044,WP045,WP046,WP047*53
$GPRTE,342,9,c,ROUTE1,WP048,WP049,WP050,WP051,WP052,WP053*52
$GPRTE,342,10,c,ROUTE1,WP054,WP055,WP056,WP057,WP058,WP059*6A
$GPRTE,342,11,c,ROUTE1,WP060,WP061,WP062,WP063,WP064,WP065*6B
$GPRTE,342,12,c,ROUTE1,WP066,WP067,WP068,WP069,WP070,WP071*68
$GPRTE,342,13,c,ROUTE1,WP072,WP073,WP074,WP075,WP076,WP077*69
$GPRTE,342,14,c,ROUTE1,WP078,WP079,WP080,WP081,WP082,WP083*6E
$GPRTE,342,15,c,ROUTE1,WP084,WP085,WP086,WP087,WP088,WP089*6F
$GPRTE,342,16,c,ROUTE1,WP090,WP091,WP092,WP093,WP094,WP095*6C
$GPRTE,342,17,c,ROUTE1,WP096,WP097,WP098,WP099,WP100,WP101*6D
$GPRTE,342,18,c,ROUTE1,WP102,WP103,WP104,WP105,WP106,WP107*62
$GPRTE,342,19,c,ROUTE1,WP108,WP109,WP110,WP111,WP112,WP113*63
$GPRTE,342,20,c,ROUTE1,WP114,WP115,WP116,WP117,WP118,WP119*69
$GPRTE,342,21,c,ROUTE1,WP120,WP121,WP122,WP123,WP124,WP125*68
$GPRTE,342,22,c,ROUTE1,WP126,WP127,WP128,WP129,WP130,WP131*6B
$GPRTE,342,23,c,ROUTE1,WP132,WP133,WP134,WP135,WP136,WP137*6A
$GPRTE,342,24,c,ROUTE1,WP138,WP139,WP140,WP141,WP142,WP143*6D
$GPRTE,342,25,c,ROUTE1,WP144,WP145,WP146,WP147,WP148,WP149*6C
$GPRTE,342,26,c,ROUTE1,WP150,WP151,WP152,WP153,WP154,WP155*6F
$GPRTE,342,27,c,ROUTE1,WP156,WP157,WP158,WP159,WP160,WP161*6E
$GPRTE,342,28,c,ROUTE1,WP162,WP163,WP164,WP165,WP166,WP167*61
$GPRTE,342,29,c,ROUTE1,WP168,WP169,WP170,WP171,WP172,WP173*60
$GPRTE,342,30,c,ROUTE1,WP174,WP175,WP176,WP177,WP178,WP179*68
$GPRTE,342,31,c,ROUTE1,WP180,WP181,WP182,WP183,WP184,WP185*69
$GPRTE,342,32,c,ROUTE1,WP186,WP187,WP188,WP189,WP190,WP191*6A
$GPRTE,342,33,c,ROUTE1,WP192,WP193,WP194,WP195,WP196,WP197*6B
$GPRTE,342,34,c,ROUTE1,WP198,WP199,WP200,WP201,WP202,WP203*6C
$GPRTE,342,35,c,ROUTE1,WP204,WP205,WP206,WP207,WP208,WP209*6D
$GPRTE,342,36,c,ROUTE1,WP210,WP211,WP212,WP213,WP214,WP215*6E
$GPRTE,342,37,c,ROUTE1,WP216,WP217,WP218,WP219,WP220,WP221*6F
$GPRTE,342,38,c,ROUTE1,WP222,WP223,WP224,WP225,WP226,WP227*60
$GPRTE,342,39,c,ROUTE1,WP228,WP229,WP230,WP231,WP232,WP233*61
$GPRTE,342,40,c,ROUTE1,WP234,WP235,WP236,WP237,WP238,WP239*6F
$GPRTE,342,41,c,ROUTE1,WP240,WP241,WP242,WP243,WP244,WP245*6E
$GPRTE,342,42,c,ROUTE1,WP246,WP247,WP248,WP249,WP250,WP251*6D
$GPRTE,342,43,c,ROUTE1,WP252,WP253,WP254,WP255,WP256,WP257*6C
$GPRTE,342,44,c,ROUTE1,WP258,WP259,WP260,WP261,WP262,WP263*6B
$GPRTE,342,45,c,ROUTE1,WP264,WP265,WP266,WP267,WP268,WP269*6A
$GPRTE,342,46,c,ROUTE1,WP270,WP271,WP272,WP273,WP274,WP275*69
$GPRTE,342,47,c,ROUTE1,WP276,WP277,WP278,WP279,WP280,WP281*68
$GPRTE,342,48,c,ROUTE1,WP282,WP283,WP284,WP285,WP286,WP287*67
$GPRTE,342,49,c,ROUTE1,WP288,WP289,WP290,WP291,WP292,WP293*66
$GPRTE,342,50,c,ROUTE1,WP294,WP295,WP296,WP297,WP298,WP299*6E
$GPRTE,342,51,c,ROUTE1,WP300,WP301,WP302,WP303,WP304,WP305*6F
$GPRTE,342,52,c,ROUTE1,WP306,WP307,WP308,WP309,WP310,WP311*6C
$GPRTE,342,53,c,ROUTE1,WP312,WP313,WP314,WP315,WP316,WP317*6D
$GPRTE,342,54,c,ROUTE1,WP318,WP319,WP320,WP321,WP322,WP323*6A
$GPRTE,342,55,c,ROUTE1,WP324,WP325,WP326,WP327,WP328,WP329*6B
$GPRTE,342,56,c,ROUTE1,WP330,WP331,WP332,WP333,WP334,WP335*68
$GPRTE,342,57,c,ROUTE1,WP336,WP337,WP338,WP339,WP340,WP341*69
$GPRTE,342,58,c,ROUTE1,WP342,WP343,WP344,WP345,WP346,WP347*66
$GPRTE,342,59,c,ROUTE1,WP348,WP349,WP350,WP351,WP352,WP353*67
$GPRTE,342,60,c,ROUTE1,WP354,WP355,WP356,WP357,WP358,WP359*6D
$GPRTE,342,61,c,ROUTE1,WP360,WP361,WP362,WP363,WP364,WP365*6C
$GPRTE,342,62,c,ROUTE1,WP366,WP367,WP368,WP369,WP370,WP371*6F
$GPRTE,342,63,c,ROUTE1,WP372,WP373,WP374,WP375,WP376,WP377*6E
$GPRTE,342,64,c,ROUTE1,WP378,WP379,WP380,WP381,WP382,WP383*69
$GPRTE,342,65,c,ROUTE1,WP384,WP385,WP386,WP387,WP388,WP389*68
$GPRTE,342,66,c,ROUTE1,WP390,WP391,WP392,WP393,WP394,WP395*6B
$GPRTE,342,67,c,ROUTE1,WP396,WP397,WP398,WP399,WP400,WP401*6A
$GPRTE,342,68,c,ROUTE1,WP402,WP403,WP404,WP405,WP406,WP407*65
$GPRTE,342,69,c,ROUTE1,WP408,WP409,WP410,WP411,WP412,WP413*64
$GPRTE,342,70,c,ROUTE1,WP414,WP415,WP416,WP417,WP418,WP419*6C
$GPRTE,342,71,c,ROUTE1,WP420,WP421,WP422,WP423,WP424,WP425*6D
$GPRTE,342,72,c,ROUTE1,WP426,WP427,WP428,WP429,WP430,WP431*6E
$GPRTE,342,73,c,ROUTE1,WP432,WP433,WP434,WP435,WP436,WP437*6F
$GPRTE,342,74,c,ROUTE1,WP438,WP439,WP440,WP441,WP442,WP443*68
$GPRTE,342,75,c,ROUTE1,WP444,WP445,WP446,WP447,WP448,WP449*69
$GPRTE,342,76,c,ROUTE1,WP450,WP451,WP452,WP453,WP454,WP455*6A
$GPRTE,342,77,c,ROUTE1,WP456,WP457,WP458,WP459,WP460,WP461*6B
$GPRTE,342,78,c,ROUTE1,WP462,WP463,WP464,WP465,WP466,WP467*64
$GPRTE,342,79,c,ROUTE1,WP468,WP469,WP470,WP471,WP472,WP473*65
$GPRTE,342,80,c,ROUTE1,WP474,WP475,WP476,WP477,WP478,WP479*63
$GPRTE,342,81,c,ROUTE1,WP480,WP481,WP482,WP483,WP484,WP485*62
$GPRTE,342,82,c,ROUTE1,WP486,WP487,WP488,WP489,WP490,WP491*61
$GPRTE,342,83,c,ROUTE1,WP492,WP493,WP494,WP495,WP496,WP497*60
$GPRTE,342,84,c,ROUTE1,WP498,WP499,WP500,WP501,WP502,WP503*67
$GPRTE,342,85,c,ROUTE1,WP504,WP505,WP506,WP507,WP508,WP509*66
$GPRTE,342,86,c,ROUTE1,WP510,WP511,WP512,WP513,WP514,WP515*65
$GPRTE,342,87,c,ROUTE1,WP516,WP517,WP518,WP519,WP520,WP521*64
$GPRTE,342,88,c,ROUTE1,WP522,WP523,WP524,WP525,WP526,WP527*6B
$GPRTE,342,89,c,ROUTE1,WP528,WP529,WP530,WP531,WP532,WP533*6A
$GPRTE,342,90,c,ROUTE1,WP534,WP535,WP536,WP537,WP538,WP539*62
$GPRTE,342,91,c,ROUTE1,WP540,WP541,WP542,WP543,WP544,WP545*63
$GPRTE,342,92,c,ROUTE1,WP546,WP547,WP548,WP549,WP550,WP551*60
$GPRTE,342,93,c,ROUTE1,WP552,WP553,WP554,WP555,WP556,WP557*61
$GPRTE,342,94,c,ROUTE1,WP558,WP559,WP560,WP561,WP562,WP563*66
$GPRTE,342,95,c,ROUTE1,WP564,WP565,WP566,WP567,WP568,WP569*67
$GPRTE,342,96,c,ROUTE1,WP570,WP571,WP572,WP573,WP574,WP575*64
$GPRTE,342,97,c,ROUTE1,WP576,WP577,WP578,WP579,WP580,WP581*65
$GPRTE,342,98,c,ROUTE1,WP582,WP583,WP584,WP585,WP586,WP587*6A
$GPRTE,342,99,c,ROUTE1,WP588,WP589,WP590,WP591,WP592,WP593*6B
$GPRTE,342,100,c,ROUTE1,WP594,WP595,WP596,WP597,WP598,WP599*5A
$GPRTE,342,101,c,ROUTE1,WP600,WP601,WP602,WP603,WP604,WP605*5B
$GPRTE,342,102,c,ROUTE1,WP606,WP607,WP608,WP609,WP610,WP611*58
$GPRTE,342,103,c,ROUTE1,WP612,WP613,WP614,WP615,WP616,WP617*59
$GPRTE,342,104,c,ROUTE1,WP618,WP619,WP620,WP621,WP622,WP623*5E
$GPRTE,342,105,c,ROUTE1,WP624,WP625,WP626,WP627,WP628,WP629*5F
$GPRTE,342,106,c,ROUTE1,WP630,WP631,WP632,WP633,WP634,WP635*5C
$GPRTE,342,107,c,ROUTE1,WP636,WP637,WP638,WP639,WP640,WP641*5D
$GPRTE,342,108,c,ROUTE1,WP642,WP643,WP644,WP645,WP646,WP647*52
$GPRTE,342,109,c,ROUTE1,WP648,GALVIN,WP649,WP650,WP651,WP652*7F
$GPRTE,342,110,c,ROUTE1,WP653,WP654,WP655,WP656,WP657,WP658*51
$GPRTE,342,111,c,ROUTE1,WP659,WP660,WP661,WP662,WP663,WP664*55
$GPRTE,342,112,c,ROUTE1,WP665,WP666,WP667,WP668,WP669,WP670*5C
$GPRTE,342,113,c,ROUTE1,WP671,WP672,WP673,WP674,WP675,WP676*5E
$GPRTE,342,114,c,ROUTE1,WP677,WP678,WP679,WP680,WP681,WP682*54
$GPRTE,342,115,c,ROUTE1,WP683,WP684,WP685,WP686,WP687,WP688*54
$GPRTE,342,116,c,ROUTE1,WP689,WP690,WP691,WP692,WP693,WP694*50
$GPRTE,342,117,c,ROUTE1,WP695,WP696,WP697,WP698,WP699,WP700*50
$GPRTE,342,118,c,ROUTE1,WP701,WP702,WP703,WP704,WP705,WP706*55
$GPRTE,342,119,c,ROUTE1,WP707,WP708,WP709,WP710,WP711,WP712*57
$GPRTE,342,120,c,ROUTE1,WP713,WP714,WP715,WP716,WP717,WP718*52
$GPRTE,342,121,c,ROUTE1,WP719,WP720,WP721,WP722,WP723,WP724*56
$GPRTE,342,122,c,ROUTE1,WP725,WP726,WP727,WP728,WP729,WP730*5F
$GPRTE,342,123,c,ROUTE1,WP731,WP732,WP733,WP734,WP735,WP736*5D
$GPRTE,342,124,c,ROUTE1,WP737,WP738,WP739,WP740,WP741,WP742*5F
$GPRTE,342,125,c,ROUTE1,WP743,WP744,WP745,WP746,WP747,WP748*57
$GPRTE,342,126,c,ROUTE1,WP749,WP750,WP751,WP752,WP753,WP754*53
$GPRTE,342,127,c,ROUTE1,WP755,WP756,WP757,WP758,WP759,WP760*58
$GPRTE,342,128,c,ROUTE1,WP761,WP762,WP763,WP764,WP765,WP766*56
$GPRTE,342,129,c,ROUTE1,WP767,WP768,WP769,WP770,WP771,WP772*54
$GPRTE,342,130,c,ROUTE1,WP773,WP774,WP775,WP776,WP777,WP778*53
$GPRTE,342,131,c,ROUTE1,WP779,WP780,WP781,WP782,WP783,WP784*5B
$GPRTE,342,132,c,ROUTE1,WP785,WP786,WP787,WP788,WP789,WP790*5E
$GPRTE,342,133,c,ROUTE1,WP791,WP792,WP793,WP794,WP795,WP796*5C
$GPRTE,342,134,c,ROUTE1,WP797,WP798,WP799,WP800,WP801,WP802*5F
$GPRTE,342,135,c,ROUTE1,WP803,WP804,WP805,WP806,WP807,WP808*56
$GPRTE,342,136,c,ROUTE1,WP809,WP810,WP811,WP812,WP813,WP814*52
$GPRTE,342,137,c,ROUTE1,WP815,WP816,WP817,WP818,WP819,WP820*59
$GPRTE,342,138,c,ROUTE1,WP821,WP822,WP823,WP824,WP825,WP826*57
$GPRTE,342,139,c,ROUTE1,WP827,WP828,WP829,WP830,WP831,WP832*55
$GPRTE,342,140,c,ROUTE1,WP833,WP834,WP835,WP836,WP837,WP838*54
$GPRTE,342,141,c,ROUTE1,WP839,WP840,WP841,WP842,WP843,WP844*54
$GPRTE,342,142,c,ROUTE1,WP845,WP846,WP847,WP848,WP849,WP850*59
$GPRTE,342,143,c,ROUTE1,WP851,WP852,WP853,WP854,WP855,WP856*5B
$GPRTE,342,144,c,ROUTE1,WP857,WP858,WP859,WP860,WP861,WP862*5D
$GPRTE,342,145,c,ROUTE1,WP863,WP864,WP865,WP866,WP867,WP868*51
$GPRTE,342,146,c,ROUTE1,WP869,WP870,WP871,WP872,WP873,WP874*55
$GPRTE,342,147,c,ROUTE1,WP875,WP876,WP877,WP878,WP879,WP880*52
$GPRTE,342,148,c,ROUTE1,WP881,WP882,WP883,WP884,WP885,WP886*50
$GPRTE,342,149,c,ROUTE1,WP887,WP888,WP889,WP890,WP891,WP892*52
$GPRTE,342,150,c,ROUTE1,WP893,WP894,WP895,WP896,WP897,WP898*55
$GPRTE,342,151,c,ROUTE1,WP899,WP900,WP901,WP902,WP903,WP904*5A
$GPRTE,342,152,c,ROUTE1,WP905,WP906,WP907,WP908,WP909,WP910*58
$GPRTE,342,153,c,ROUTE1,WP911,WP912,WP913,WP914,WP915,WP916*5A
$GPRTE,342,154,c,ROUTE1,WP917,WP918,WP919,WP920,WP921,WP922*5C
$GPRTE,342,155,c,ROUTE1,WP923,WP924,WP925,WP926,WP927,WP928*50
$GPRTE,342,156,c,ROUTE1,WP929,WP930,WP931,WP932,WP933,WP934*54
$GPRTE,342,157,c,ROUTE1,WP935,WP936,WP937,WP938,WP939,WP940*5B
$GPRTE,342,158,c,ROUTE1,WP941,WP942,WP943,WP944,WP945,WP946*51
$GPRTE,342,159,c,ROUTE1,WP947,WP948,WP949,WP950,WP951,WP952*53
$GPRTE,342,160,c,ROUTE1,WP953,WP954,WP955,WP956,WP957,WP958*56
$GPRTE,342,161,c,ROUTE1,WP959,WP960,WP961,WP962,WP963,WP964*52
$GPRTE,342,162,c,ROUTE1,WP965,WP966,WP967,WP968,WP969,WP970*5B
$GPRTE,342,163,c,ROUTE1,WP971,WP972,WP973,WP974,WP975,WP976*59
$GPRTE,342,164,c,ROUTE1,WP977,WP978,WP979,WP980,WP981,WP982*53
$GPRTE,342,165,c,ROUTE1,WP983,WP984,WP985,WP986,WP987,WP988*53
$GPRTE,342,166,c,ROUTE1,WP989,WP990,WP991,WP992,WP993,WP994*57
$GPRTE,342,167,c,ROUTE1,WP995,WP996,WP997,WP998,WP999,WP1000*6E
$GPRTE,342,168,c,ROUTE1,WP1001,WP1002,WP1003,WP1004,WP1005,WP1006*52
$GPRTE,342,169,c,ROUTE1,WP1007,WP1008,WP1009,WP1010,WP1011,WP1012*50
$GPRTE,342,170,c,ROUTE1,WP1013,WP1014,WP1015,WP1016,WP1017,WP1018*57
$GPRTE,342,171,c,ROUTE1,WP1019,WP1020,WP1021,WP1022,WP1023,WP1024*53
$GPRTE,342,172,c,ROUTE1,WP1025,WP1026,WP1027,WP1028,WP1029,WP1030*5A
$GPRTE,342,173,c,ROUTE1,WP1031,WP1032,WP1033,WP1034,WP1035,WP1036*58
$GPRTE,342,174,c,ROUTE1,WP1037,WP1038,WP1039,WP1040,WP1041,WP1042*5A
$GPRTE,342,175,c,ROUTE1,WP1043,WP1044,WP1045,WP1046,WP1047,WP1048*52
$GPRTE,342,176,c,ROUTE1,WP1049,WP1050,WP1051,WP1052,WP1053,WP1054*56
$GPRTE,342,177,c,ROUTE1,WP1055,WP1056,WP1057,WP1058,WP1059,WP1060*5D
$GPRTE,342,178,c,ROUTE1,WP1061,WP1062,WP1063,WP1064,WP1065,WP1066*53
$GPRTE,342,179,c,ROUTE1,WP1067,WP1068,WP1069,WP1070,WP1071,WP1072*51
$GPRTE,342,180,c,ROUTE1,WP1073,WP1074,WP1075,WP1076,WP1077,WP1078*58
$GPRTE,342,181,c,ROUTE1,WP1079,WP1080,WP1081,WP1082,WP1083,WP1084*50
$GPRTE,342,182,c,ROUTE1,WP1085,WP1086,WP1087,WP1088,WP1089,WP1090*55
$GPRTE,342,183,c,ROUTE1,WP1091,WP1092,WP1093,WP1094,WP1095,WP1096*57
$GPRTE,342,184,c,ROUTE1,WP1097,WP1098,WP1099,WP1100,WP1101,WP1102*5A
$GPRTE,342,185,c,ROUTE1,WP1103,WP1104,WP1105,WP1106,WP1107,WP1108*5D
$GPRTE,342,186,c,ROUTE1,WP1109,WP1110,WP1111,ST2,WP1112,WP1113*6E
$GPRTE,342,187,c,ROUTE1,WP1114,WP1115,WP1116,WP1117,WP1118,WP1119*55
$GPRTE,342,188,c,ROUTE1,WP1120,WP1121,WP1122,WP1123,WP1124,WP1125*5A
$GPRTE,342,189,c,ROUTE1,WP1126,WP1127,WP1128,WP1129,WP1130,WP1131*5B
$GPRTE,342,190,c,ROUTE1,WP1132,WP1133,WP1134,WP1135,WP1136,WP1137*53
$GPRTE,342,191,c,ROUTE1,WP1138,WP1139,WP1140,WP1141,WP1142,WP1143*52
$GPRTE,342,192,c,ROUTE1,WP1144,WP1145,WP1146,WP1147,WP1148,WP1149*51
$GPRTE,342,193,c,ROUTE1,WP1150,WP1151,WP1152,WP1153,WP1154,WP1155*50
$GPRTE,342,194,c,ROUTE1,WP1156,WP1157,WP1158,WP1159,WP1160,WP1161*57
$GPRTE,342,195,c,ROUTE1,WP1162,WP1163,WP1164,WP1165,WP1166,WP1167*56
$GPRTE,342,196,c,ROUTE1,WP1168,WP1169,WP1170,WP1171,WP1172,WP1173*55
$GPRTE,342,197,c,ROUTE1,WP1174,WP1175,WP1176,WP1177,WP1178,WP1179*54
$GPRTE,342,198,c,ROUTE1,WP1180,WP1181,WP1182,WP1183,WP1184,WP1185*5B
$GPRTE,342,199,c,ROUTE1,WP1186,WP1187,WP1188,WP1189,WP1190,WP1191*5A
$GPRTE,342,200,c,ROUTE1,WP1192,WP1193,WP1194,WP1195,WP1196,WP1197*59
$GPRTE,342,201,c,ROUTE1,WP1198,WP1199,WP1200,WP1201,WP1202,WP1203*58
$GPRTE,342,202,c,ROUTE1,WP1204,WP1205,WP1206,WP1207,WP1208,WP1209*5B
$GPRTE,342,203,c,ROUTE1,WP1210,WP1211,WP1212,WP1213,WP1214,WP1215*5A
$GPRTE,342,204,c,ROUTE1,WP1216,WP1217,WP1218,WP1219,WP1220,WP1221*5D
$GPRTE,342,205,c,ROUTE1,WP1222,WP1223,WP1224,WP1225,WP1226,WP1227*5C
$GPRTE,342,206,c,ROUTE1,WP1228,WP1229,WP1230,WP1231,WP1232,WP1233*5F
$GPRTE,342,207,c,ROUTE1,WP1234,WP1235,WP1236,WP1237,WP1238,WP1239*5E
$GPRTE,342,208,c,ROUTE1,WP1240,WP1241,WP1242,WP1243,WP1244,WP1245*51
$GPRTE,342,209,c,ROUTE1,WP1246,WP1247,WP1248,WP1249,WP1250,WP1251*50
$GPRTE,342,210,c,ROUTE1,WP1252,WP1253,WP1254,WP1255,WP1256,WP1257*58
$GPRTE,342,211,c,ROUTE1,WP1258,WP1259,WP1260,WP1261,WP1262,WP1263*59
$GPRTE,342,212,c,ROUTE1,WP1264,WP1265,WP1266,WP1267,WP1268,WP1269*5A
$GPRTE,342,213,c,ROUTE1,WP1270,WP1271,WP1272,WP1273,WP1274,WP1275*5B
$GPRTE,342,214,c,ROUTE1,WP1276,WP1277,WP1278,WP1279,WP1280,WP1281*5C
$GPRTE,342,215,c,ROUTE1,WP1282,WP1283,WP1284,WP1285,WP1286,WP1287*5D
$GPRTE,342,216,c,ROUTE1,WP1288,WP1289,WP1290,WP1291,WP1292,WP1293*5E
$GPRTE,342,217,c,ROUTE1,WP1294,WP1295,WP1296,WP1297,WP1298,WP1299*5F
$GPRTE,342,218,c,ROUTE1,WP1300,WP1301,WP1302,WP1303,WP1304,WP1305*50
$GPRTE,342,219,c,ROUTE1,WP1306,WP1307,WP1308,WP1309,WP1310,WP1311*51
$GPRTE,342,220,c,ROUTE1,WP1312,WP1313,WP1314,WP1315,WP1316,WP1317*5B
$GPRTE,342,221,c,ROUTE1,WP1318,WP1319,WP1320,WP1321,WP1322,WP1323*5A
$GPRTE,342,222,c,ROUTE1,WP1324,WP1325,WP1326,WP1327,WP1328,WP1329*59
$GPRTE,342,223,c,ROUTE1,WP1330,WP1331,WP1332,WP1333,WP1334,WP1335*58
$GPRTE,342,224,c,ROUTE1,WP1336,WP1337,WP1338,WP1339,WP1340,WP1341*5F
$GPRTE,342,225,c,ROUTE1,WP1342,WP1343,WP1344,WP1345,WP1346,WP1347*5E
$GPRTE,342,226,c,ROUTE1,WP1348,WP1349,WP1350,WP1351,WP1352,WP1353*5D
$GPRTE,342,227,c,ROUTE1,WP1354,WP1355,WP1356,WP1357,WP1358,WP1359*5C
$GPRTE,342,228,c,ROUTE1,WP1360,WP1361,WP1362,WP1363,WP1364,WP1365*53
$GPRTE,342,229,c,ROUTE1,WP1366,WP1367,WP1368,WP1369,WP1370,WP1371*52
$GPRTE,342,230,c,ROUTE1,WP1372,WP1373,WP1374,WP1375,WP1376,WP1377*5A
$GPRTE,342,231,c,ROUTE1,WP1378,WP1379,WP1380,WP1381,WP1382,WP1383*5B
$GPRTE,342,232,c,ROUTE1,WP1384,WP1385,WP1386,WP1387,WP1388,WP1389*58
$GPRTE,342,233,c,ROUTE1,WP1390,WP1391,WP1392,WP1393,WP1394,WP1395*59
$GPRTE,342,234,c,ROUTE1,WP1396,WP1397,WP1398,WP1399,WP1400,WP1401*5E
$GPRTE,342,235,c,ROUTE1,WP1402,WP1403,WP1404,WP1405,WP1406,WP1407*5F
$GPRTE,342,236,c,ROUTE1,MOATEM,WP1408,WP1409,WP1410,WP1411,WP1412*43
$GPRTE,342,237,c,ROUTE1,WP1413,WP1414,WP1415,WP1416,WP1417,WP1418*57
$GPRTE,342,238,c,ROUTE1,WP1419,WP1420,WP1421,WP1422,WP1423,WP1424*5D
$GPRTE,342,239,c,ROUTE1,WP1425,WP1426,WP1427,WP1428,WP1429,WP1430*56
$GPRTE,342,240,c,ROUTE1,WP1431,WP1432,WP1433,WP1434,WP1435,WP1436*5B
$GPRTE,342,241,c,ROUTE1,WP1437,WP1438,WP1439,WP1440,WP1441,WP1442*5F
$GPRTE,342,242,c,ROUTE1,WP1443,WP1444,WP1445,WP1446,WP1447,WP1448*55
$GPRTE,342,243,c,ROUTE1,WP1449,WP1450,WP1451,WP1452,WP1453,WP1454*53
$GPRTE,342,244,c,ROUTE1,WP1455,WP1456,WP1457,WP1458,WP1459,WP1460*5E
$GPRTE,342,245,c,ROUTE1,WP1461,WP1462,WP1463,WP1464,WP1465,WP1466*5E
$GPRTE,342,246,c,ROUTE1,WP1467,WP1468,WP1469,WP1470,WP1471,WP1472*5E
$GPRTE,342,247,c,ROUTE1,WP1473,WP1474,WP1475,WP1476,WP1477,WP1478*50
$GPRTE,342,248,c,ROUTE1,WP1479,WP1480,WP1481,WP1482,WP1483,WP1484*56
$GPRTE,342,249,c,ROUTE1,WP1485,WP1486,WP1487,WP1488,WP1489,WP1490*51
$GPRTE,342,250,c,ROUTE1,WP1491,WP1492,WP1493,WP1494,WP1495,WP1496*5A
$GPRTE,342,251,c,ROUTE1,WP1497,WP1498,WP1499,WP1500,WP1501,WP1502*51
$GPRTE,342,252,c,ROUTE1,WP1503,WP1504,WP1505,WP1506,WP1507,WP1508*54
$GPRTE,342,253,c,ROUTE1,WP1509,WP1510,WP1511,WP1512,WP1513,WP1514*52
$GPRTE,342,254,c,ROUTE1,WP1515,WP1516,WP1517,WP1518,WP1519,WP1520*5F
$GPRTE,342,255,c,ROUTE1,WP1521,WP1522,WP1523,WP1524,WP1525,WP1526*5F
$GPRTE,342,256,c,ROUTE1,WP1527,WP1528,WP1529,WP1530,WP1531,WP1532*5F
$GPRTE,342,257,c,ROUTE1,WP1533,WP1534,WP1535,WP1536,WP1537,WP1538*51
$GPRTE,342,258,c,ROUTE1,WP1539,WP1540,WP1541,WP1542,WP1543,WP1544*5F
$GPRTE,342,259,c,ROUTE1,WP1545,WP1546,WP1547,WP1548,WP1549,WP1550*50
$GPRTE,342,260,c,ROUTE1,WP1551,WP1552,WP1553,WP1554,WP1555,WP1556*59
$GPRTE,342,261,c,ROUTE1,WP1557,WP1558,WP1559,WP1560,WP1561,WP1562*59
$GPRTE,342,262,c,ROUTE1,WP1563,WP1564,WP1565,WP1566,WP1567,WP1568*57
$GPRTE,342,263,c,ROUTE1,WP1569,WP1570,WP1571,WP1572,WP1573,WP1574*51
$GPRTE,342,264,c,ROUTE1,WP1575,WP1576,WP1577,WP1578,WP1579,WP1580*50
$GPRTE,342,265,c,ROUTE1,WP1581,WP1582,WP1583,WP1584,WP1585,WP1586*5C
$GPRTE,342,266,c,ROUTE1,WP1587,WP1588,WP1589,WP1590,WP1591,WP1592*5C
$GPRTE,342,267,c,ROUTE1,WP1593,WP1594,WP1595,WP1596,WP1597,WP1598*52
$GPRTE,342,268,c,ROUTE1,WP1599,WP1600,WP1601,WP1602,WP1603,WP1604*51
$GPRTE,342,269,c,ROUTE1,WP1605,WP1606,WP1607,WP1608,WP1609,WP1610*53
$GPRTE,342,270,c,ROUTE1,WP1611,WP1612,WP1613,WP1614,WP1615,WP1616*58
$GPRTE,342,271,c,ROUTE1,WP1617,WP1618,WP1619,WP1620,WP1621,WP1622*58
$GPRTE,342,272,c,ROUTE1,WP1623,WP1624,WP1625,WP1626,WP1627,WP1628*56
$GPRTE,342,273,c,ROUTE1,WP1629,WP1630,WP1631,WP1632,WP1633,WP1634*50
$GPRTE,342,274,c,ROUTE1,WP1635,WP1636,WP1637,WP1638,WP1639,WP1640*59
$GPRTE,342,275,c,ROUTE1,WP1641,WP1642,WP1643,WP1644,WP1645,WP1646*5D
$GPRTE,342,276,c,ROUTE1,WP1647,WP1648,WP1649,WP1650,WP1651,WP1652*5D
$GPRTE,342,277,c,ROUTE1,WP1653,WP1654,WP1655,WP1656,WP1657,WP1658*53
$GPRTE,342,278,c,ROUTE1,WP1659,WP1660,WP1661,WP1662,WP1663,WP1664*59
$GPRTE,342,279,c,ROUTE1,WP1665,WP1666,WP1667,WP1668,WP1669,WP1670*52
$GPRTE,342,280,c,ROUTE1,WP1671,FARDRU,WP1672,WP1673,WP1674,WP1675*40
$GPRTE,342,281,c,ROUTE1,WP1676,WP1677,WP1678,WP1679,WP1680,WP1681*50
$GPRTE,342,282,c,ROUTE1,WP1682,WP1683,WP1684,WP1685,WP1686,WP1687*53
$GPRTE,342,283,c,ROUTE1,WP1688,WP1689,WP1690,WP1691,WP1692,WP1693*52
$GPRTE,342,284,c,ROUTE1,WP1694,WP1695,WP1696,WP1697,WP1698,WP1699*55
$GPRTE,342,285,c,ROUTE1,WP1700,WP1701,WP1702,WP1703,WP1704,WP1705*54
$GPRTE,342,286,c,ROUTE1,WP1706,WP1707,WP1708,WP1709,WP1710,WP1711*57
$GPRTE,342,287,c,ROUTE1,WP1712,WP1713,WP1714,WP1715,WP1716,WP1717*56
$GPRTE,342,288,c,ROUTE1,WP1718,WP1719,WP1720,WP1721,WP1722,WP1723*59
$GPRTE,342,289,c,ROUTE1,WP1724,WP1725,WP1726,WP1727,WP1728,WP1729*58
$GPRTE,342,290,c,ROUTE1,WP1730,WP1731,WP1732,WP1733,WP1734,WP1735*50
$GPRTE,342,291,c,ROUTE1,WP1736,WP1737,WP1738,WP1739,WP1740,WP1741*51
$GPRTE,342,292,c,ROUTE1,WP1742,WP1743,WP1744,WP1745,WP1746,WP1747*52
$GPRTE,342,293,c,ROUTE1,WP1748,WP1749,WP1750,WP1751,WP1752,WP1753*53
$GPRTE,342,294,c,ROUTE1,WP1754,WP1755,WP1756,WP1757,WP1758,WP1759*54
$GPRTE,342,295,c,ROUTE1,WP1760,WP1761,WP1762,WP1763,WP1764,WP1765*55
$GPRTE,342,296,c,ROUTE1,WP1766,WP1767,WP1768,WP1769,WP1770,WP1771*56
$GPRTE,342,297,c,ROUTE1,WP1772,WP1773,WP1774,WP1775,WP1776,WP1777*57
$GPRTE,342,298,c,ROUTE1,WP1778,WP1779,WP1780,WP1781,WP1782,WP1783*58
$GPRTE,342,299,c,ROUTE1,WP1784,WP1785,WP1786,WP1787,WP1788,WP1789*59
$GPRTE,342,300,c,ROUTE1,WP1790,WP1791,WP1792,WP1793,WP1794,WP1795*58
$GPRTE,342,301,c,ROUTE1,WP1796,WP1797,WP1798,WP1799,WP1800,WP1801*59
$GPRTE,342,302,c,ROUTE1,WP1802,WP1803,WP1804,WP1805,WP1806,WP1807*5A
$GPRTE,342,303,c,ROUTE1,WP1808,WP1809,WP1810,WP1811,WP1812,WP1813*5B
$GPRTE,342,304,c,ROUTE1,WP1814,WP1815,WP1816,WP1817,WP1818,WP1819*5C
$GPRTE,342,305,c,ROUTE1,WP1820,WP1821,WP1822,WP1823,WP1824,WP1825*5D
$GPRTE,342,306,c,ROUTE1,WP1826,WP1827,WP1828,WP1829,WP1830,WP1831*5E
$GPRTE,342,307,c,ROUTE1,WP1832,WP1833,WP1834,WP1835,WP1836,WP1837*5F
$GPRTE,342,308,c,ROUTE1,WP1838,WP1839,WP1840,WP1841,WP1842,WP1843*50
$GPRTE,342,309,c,ROUTE1,WP1844,WP1845,WP1846,WP1847,WP1848,WP1849*51
$GPRTE,342,310,c,ROUTE1,WP1850,WP1851,WP1852,WP1853,WP1854,WP1855*59
$GPRTE,342,311,c,ROUTE1,WP1856,WP1857,WP1858,WP1859,WP1860,WP1861*58
$GPRTE,342,312,c,ROUTE1,WP1862,WP1863,WP1864,WP1865,WP1866,WP1867*5B
$GPRTE,342,313,c,ROUTE1,WP1868,WP1869,WP1870,WP1871,WP1872,WP1873*5A
$GPRTE,342,314,c,ROUTE1,WP1874,WP1875,WP1876,WP1877,WP1878,WP1879*5D
$GPRTE,342,315,c,ROUTE1,WP1880,WP1881,WP1882,WP1883,WP1884,WP1885*5C
$GPRTE,342,316,c,ROUTE1,WP1886,WP1887,WP1888,WP1889,WP1890,WP1891*5F
$GPRTE,342,317,c,ROUTE1,WP1892,WP1893,WP1894,WP1895,WP1896,WP1897*5E
$GPRTE,342,318,c,ROUTE1,WP1898,WP1899,WP1900,WP1901,WP1902,WP1903*51
$GPRTE,342,319,c,ROUTE1,WP1904,WP1905,WP1906,WP1907,WP1908,WP1909*50
$GPRTE,342,320,c,ROUTE1,WP1910,WP1911,WP1912,WP1913,WP1914,WP1915*5A
$GPRTE,342,321,c,ROUTE1,WP1916,WP1917,WP1918,WP1919,WP1920,WP1921*5B
$GPRTE,342,322,c,ROUTE1,WP1922,WP1923,WP1924,WP1925,WP1926,WP1927*58
$GPRTE,342,323,c,ROUTE1,WP1928,WP1929,WP1930,WP1931,WP1932,WP1933*59
$GPRTE,342,324,c,ROUTE1,WP1934,WP1935,WP1936,WP1937,WP1938,WP1939*5E
$GPRTE,342,325,c,ROUTE1,WP1940,WP1941,WP1942,WP1943,WP1944,WP1945*5F
$GPRTE,342,326,c,ROUTE1,WP1946,WP1947,WP1948,WP1949,WP1950,WP1951*5C
$GPRTE,342,327,c,ROUTE1,WP1952,WP1953,WP1954,WP1955,WP1956,WP1957*5D
$GPRTE,342,328,c,ROUTE1,WP1958,WP1959,WP1960,WP1961,WP1962,WP1963*52
$GPRTE,342,329,c,ROUTE1,WP1964,WP1965,WP1966,WP1967,WP1968,WP1969*53
$GPRTE,342,330,c,ROUTE1,WP1970,WP1971,WP1972,WP1973,WP1974,WP1975*5B
$GPRTE,342,331,c,ROUTE1,WP1976,WP1977,WP1978,WP1979,WP1980,WP1981*5A
$GPRTE,342,332,c,ROUTE1,WP1982,WP1983,WP1984,WP1985,WP1986,WP1987*59
$GPRTE,342,333,c,ROUTE1,WP1988,WP1989,WP1990,WP1991,WP1992,WP1993*58
$GPRTE,342,334,c,ROUTE1,WP1994,WP1995,WP1996,WP1997,WP1998,WP1999*5F
$GPRTE,342,335,c,ROUTE1,WP2000,WP2001,WP2002,WP2003,WP2004,WP2005*5E
$GPRTE,342,336,c,ROUTE1,WP2006,WP2007,WP2008,WP2009,WP2010,WP2011*5D
$GPRTE,342,337,c,ROUTE1,WP2012,WP2013,WP2014,WP2015,WP2016,WP2017*5C
$GPRTE,342,338,c,ROUTE1,WP2018,WP2019,WP2020,WP2021,WP2022,WP2023*53
$GPRTE,342,339,c,ROUTE1,WP2024,WP2025,WP2026,WP2027,WP2028,WP2029*52
$GPRTE,342,340,c,ROUTE1,WP2030,WP2031,WP2032,WP2033,WP2034,WP2035*5C
$GPRTE,342,341,c,ROUTE1,WP2036,WP2037,WP2038,WP2039,WP2040,WP2041*5D
$GPRTE,342,342,c,ROUTE1,WP2042,ATHLO2*30
